-- MySQL dump 10.13  Distrib 8.0.39, for Linux (x86_64)
--
-- Host: localhost    Database: messaging_app
-- ------------------------------------------------------
-- Server version	8.0.39-0ubuntu0.24.04.1

/*!40101 SET @OLD_CHARACTER_SET_CLIENT=@@CHARACTER_SET_CLIENT */;
/*!40101 SET @OLD_CHARACTER_SET_RESULTS=@@CHARACTER_SET_RESULTS */;
/*!40101 SET @OLD_COLLATION_CONNECTION=@@COLLATION_CONNECTION */;
/*!50503 SET NAMES utf8mb4 */;
/*!40103 SET @OLD_TIME_ZONE=@@TIME_ZONE */;
/*!40103 SET TIME_ZONE='+00:00' */;
/*!40014 SET @OLD_UNIQUE_CHECKS=@@UNIQUE_CHECKS, UNIQUE_CHECKS=0 */;
/*!40014 SET @OLD_FOREIGN_KEY_CHECKS=@@FOREIGN_KEY_CHECKS, FOREIGN_KEY_CHECKS=0 */;
/*!40101 SET @OLD_SQL_MODE=@@SQL_MODE, SQL_MODE='NO_AUTO_VALUE_ON_ZERO' */;
/*!40111 SET @OLD_SQL_NOTES=@@SQL_NOTES, SQL_NOTES=0 */;

--
-- Table structure for table `conversations`
--

DROP TABLE IF EXISTS `conversations`;
/*!40101 SET @saved_cs_client     = @@character_set_client */;
/*!50503 SET character_set_client = utf8mb4 */;
CREATE TABLE `conversations` (
  `conversation_id` int NOT NULL AUTO_INCREMENT,
  `name` varchar(255) DEFAULT NULL,
  `created_at` timestamp NULL DEFAULT CURRENT_TIMESTAMP,
  `updated_at` timestamp NULL DEFAULT CURRENT_TIMESTAMP ON UPDATE CURRENT_TIMESTAMP,
  `is_group` tinyint(1) NOT NULL DEFAULT '0',
  PRIMARY KEY (`conversation_id`)
) ENGINE=InnoDB AUTO_INCREMENT=10 DEFAULT CHARSET=utf8mb4 COLLATE=utf8mb4_0900_ai_ci;
/*!40101 SET character_set_client = @saved_cs_client */;

--
-- Dumping data for table `conversations`
--

LOCK TABLES `conversations` WRITE;
/*!40000 ALTER TABLE `conversations` DISABLE KEYS */;
INSERT INTO `conversations` VALUES (1,'6a71b7fc-f4d4-4c17-8895-d8f23d91dfa2,72946874-8957-40c3-a00c-0f4c0af4b366','2024-07-29 08:30:25','2024-07-29 08:30:25',0),(5,'72946874-8957-40c3-a00c-0f4c0af4b366,ae704cf4-4ec4-4e89-b011-a829b41e6443','2024-07-31 18:09:36','2024-07-31 18:09:36',0),(6,'6a71b7fc-f4d4-4c17-8895-d8f23d91dfa2,ae704cf4-4ec4-4e89-b011-a829b41e6443','2024-07-31 18:20:08','2024-07-31 18:20:08',0),(7,'4f3990bf-8c64-4035-807c-01c7c9dfc70f,72946874-8957-40c3-a00c-0f4c0af4b366','2024-07-31 18:48:35','2024-07-31 18:48:35',0),(8,'4f3990bf-8c64-4035-807c-01c7c9dfc70f,6a71b7fc-f4d4-4c17-8895-d8f23d91dfa2','2024-07-31 18:50:37','2024-07-31 18:50:37',0),(9,'4f3990bf-8c64-4035-807c-01c7c9dfc70f,ae704cf4-4ec4-4e89-b011-a829b41e6443','2024-08-02 14:57:14','2024-08-02 14:57:14',0);
/*!40000 ALTER TABLE `conversations` ENABLE KEYS */;
UNLOCK TABLES;

--
-- Table structure for table `message`
--

DROP TABLE IF EXISTS `message`;
/*!40101 SET @saved_cs_client     = @@character_set_client */;
/*!50503 SET character_set_client = utf8mb4 */;
CREATE TABLE `message` (
  `message_id` int NOT NULL AUTO_INCREMENT,
  `conversation_id` int DEFAULT NULL,
  `sender_id` varchar(255) DEFAULT NULL,
  `content` longtext NOT NULL,
  `sent_at` timestamp NULL DEFAULT CURRENT_TIMESTAMP,
  `received_at` timestamp NULL DEFAULT CURRENT_TIMESTAMP,
  PRIMARY KEY (`message_id`),
  KEY `conversation_id` (`conversation_id`),
  KEY `sender_id` (`sender_id`),
  CONSTRAINT `message_ibfk_1` FOREIGN KEY (`conversation_id`) REFERENCES `conversations` (`conversation_id`) ON DELETE CASCADE,
  CONSTRAINT `message_ibfk_2` FOREIGN KEY (`sender_id`) REFERENCES `user` (`user_id`) ON DELETE CASCADE
) ENGINE=InnoDB AUTO_INCREMENT=657 DEFAULT CHARSET=utf8mb4 COLLATE=utf8mb4_0900_ai_ci;
/*!40101 SET character_set_client = @saved_cs_client */;

--
-- Dumping data for table `message`
--

LOCK TABLES `message` WRITE;
/*!40000 ALTER TABLE `message` DISABLE KEYS */;
INSERT INTO `message` VALUES (1,1,'72946874-8957-40c3-a00c-0f4c0af4b366','h','2024-08-02 16:08:39','2024-08-02 16:08:39'),(2,1,'6a71b7fc-f4d4-4c17-8895-d8f23d91dfa2','l','2024-08-02 16:09:14','2024-08-02 16:09:14'),(3,1,'72946874-8957-40c3-a00c-0f4c0af4b366','l','2024-08-02 16:09:17','2024-08-02 16:09:17'),(4,1,'6a71b7fc-f4d4-4c17-8895-d8f23d91dfa2','k','2024-08-02 16:09:19','2024-08-02 16:09:19'),(5,1,'72946874-8957-40c3-a00c-0f4c0af4b366','a','2024-08-02 16:09:28','2024-08-02 16:09:28'),(6,1,'72946874-8957-40c3-a00c-0f4c0af4b366','a','2024-08-02 16:09:28','2024-08-02 16:09:28'),(7,1,'72946874-8957-40c3-a00c-0f4c0af4b366','l','2024-08-02 16:09:30','2024-08-02 16:09:30'),(8,1,'72946874-8957-40c3-a00c-0f4c0af4b366','l','2024-08-02 16:09:30','2024-08-02 16:09:30'),(9,1,'6a71b7fc-f4d4-4c17-8895-d8f23d91dfa2','q','2024-08-02 16:09:33','2024-08-02 16:09:33'),(10,1,'6a71b7fc-f4d4-4c17-8895-d8f23d91dfa2','q','2024-08-02 16:09:33','2024-08-02 16:09:33'),(11,1,'6a71b7fc-f4d4-4c17-8895-d8f23d91dfa2','d','2024-08-02 16:09:44','2024-08-02 16:09:44'),(12,1,'6a71b7fc-f4d4-4c17-8895-d8f23d91dfa2','d','2024-08-02 16:09:44','2024-08-02 16:09:44'),(13,1,'6a71b7fc-f4d4-4c17-8895-d8f23d91dfa2','d','2024-08-02 16:09:44','2024-08-02 16:09:44'),(14,1,'6a71b7fc-f4d4-4c17-8895-d8f23d91dfa2','d','2024-08-02 16:09:45','2024-08-02 16:09:45'),(15,1,'6a71b7fc-f4d4-4c17-8895-d8f23d91dfa2','d','2024-08-02 16:09:45','2024-08-02 16:09:45'),(16,1,'6a71b7fc-f4d4-4c17-8895-d8f23d91dfa2','d','2024-08-02 16:09:45','2024-08-02 16:09:45'),(17,1,'6a71b7fc-f4d4-4c17-8895-d8f23d91dfa2','d','2024-08-02 16:09:45','2024-08-02 16:09:45'),(18,1,'6a71b7fc-f4d4-4c17-8895-d8f23d91dfa2','d','2024-08-02 16:09:45','2024-08-02 16:09:45'),(19,1,'6a71b7fc-f4d4-4c17-8895-d8f23d91dfa2','d','2024-08-02 16:09:46','2024-08-02 16:09:46'),(20,1,'6a71b7fc-f4d4-4c17-8895-d8f23d91dfa2','d','2024-08-02 16:09:46','2024-08-02 16:09:46'),(21,1,'6a71b7fc-f4d4-4c17-8895-d8f23d91dfa2','d','2024-08-02 16:09:46','2024-08-02 16:09:46'),(22,1,'6a71b7fc-f4d4-4c17-8895-d8f23d91dfa2','d','2024-08-02 16:09:46','2024-08-02 16:09:46'),(23,1,'6a71b7fc-f4d4-4c17-8895-d8f23d91dfa2','d','2024-08-02 16:09:46','2024-08-02 16:09:46'),(24,1,'6a71b7fc-f4d4-4c17-8895-d8f23d91dfa2','d','2024-08-02 16:09:47','2024-08-02 16:09:47'),(25,1,'6a71b7fc-f4d4-4c17-8895-d8f23d91dfa2',';','2024-08-02 16:09:47','2024-08-02 16:09:47'),(26,1,'6a71b7fc-f4d4-4c17-8895-d8f23d91dfa2','\'','2024-08-02 16:09:47','2024-08-02 16:09:47'),(27,1,'6a71b7fc-f4d4-4c17-8895-d8f23d91dfa2','\'','2024-08-02 16:09:48','2024-08-02 16:09:48'),(28,1,'6a71b7fc-f4d4-4c17-8895-d8f23d91dfa2','\'','2024-08-02 16:09:48','2024-08-02 16:09:48'),(29,1,'6a71b7fc-f4d4-4c17-8895-d8f23d91dfa2','\'','2024-08-02 16:09:48','2024-08-02 16:09:48'),(30,1,'6a71b7fc-f4d4-4c17-8895-d8f23d91dfa2','\'','2024-08-02 16:09:48','2024-08-02 16:09:48'),(31,1,'6a71b7fc-f4d4-4c17-8895-d8f23d91dfa2','\'','2024-08-02 16:09:48','2024-08-02 16:09:48'),(32,1,'6a71b7fc-f4d4-4c17-8895-d8f23d91dfa2','\'\'','2024-08-02 16:09:48','2024-08-02 16:09:48'),(33,1,'6a71b7fc-f4d4-4c17-8895-d8f23d91dfa2','\'','2024-08-02 16:09:48','2024-08-02 16:09:48'),(34,1,'6a71b7fc-f4d4-4c17-8895-d8f23d91dfa2','\'','2024-08-02 16:09:49','2024-08-02 16:09:49'),(35,1,'6a71b7fc-f4d4-4c17-8895-d8f23d91dfa2','\'','2024-08-02 16:09:49','2024-08-02 16:09:49'),(36,1,'6a71b7fc-f4d4-4c17-8895-d8f23d91dfa2','\'','2024-08-02 16:09:49','2024-08-02 16:09:49'),(37,1,'6a71b7fc-f4d4-4c17-8895-d8f23d91dfa2','\'','2024-08-02 16:09:49','2024-08-02 16:09:49'),(38,1,'6a71b7fc-f4d4-4c17-8895-d8f23d91dfa2','\'','2024-08-02 16:09:49','2024-08-02 16:09:49'),(39,1,'6a71b7fc-f4d4-4c17-8895-d8f23d91dfa2','\'\'','2024-08-02 16:09:50','2024-08-02 16:09:50'),(40,1,'6a71b7fc-f4d4-4c17-8895-d8f23d91dfa2','\'','2024-08-02 16:09:50','2024-08-02 16:09:50'),(41,1,'6a71b7fc-f4d4-4c17-8895-d8f23d91dfa2','\'','2024-08-02 16:09:50','2024-08-02 16:09:50'),(42,1,'6a71b7fc-f4d4-4c17-8895-d8f23d91dfa2','\'','2024-08-02 16:09:51','2024-08-02 16:09:51'),(43,1,'6a71b7fc-f4d4-4c17-8895-d8f23d91dfa2','\'','2024-08-02 16:09:51','2024-08-02 16:09:51'),(44,1,'6a71b7fc-f4d4-4c17-8895-d8f23d91dfa2','\'','2024-08-02 16:09:51','2024-08-02 16:09:51'),(45,1,'6a71b7fc-f4d4-4c17-8895-d8f23d91dfa2','\'','2024-08-02 16:09:51','2024-08-02 16:09:51'),(46,1,'6a71b7fc-f4d4-4c17-8895-d8f23d91dfa2','\'','2024-08-02 16:09:51','2024-08-02 16:09:51'),(47,1,'6a71b7fc-f4d4-4c17-8895-d8f23d91dfa2','\'','2024-08-02 16:09:51','2024-08-02 16:09:51'),(48,1,'6a71b7fc-f4d4-4c17-8895-d8f23d91dfa2','\'','2024-08-02 16:09:51','2024-08-02 16:09:51'),(49,1,'6a71b7fc-f4d4-4c17-8895-d8f23d91dfa2','\'','2024-08-02 16:09:52','2024-08-02 16:09:52'),(50,1,'6a71b7fc-f4d4-4c17-8895-d8f23d91dfa2','\'','2024-08-02 16:09:52','2024-08-02 16:09:52'),(51,1,'6a71b7fc-f4d4-4c17-8895-d8f23d91dfa2','\'','2024-08-02 16:09:52','2024-08-02 16:09:52'),(52,1,'6a71b7fc-f4d4-4c17-8895-d8f23d91dfa2','\'','2024-08-02 16:09:52','2024-08-02 16:09:52'),(53,1,'6a71b7fc-f4d4-4c17-8895-d8f23d91dfa2','\'','2024-08-02 16:09:52','2024-08-02 16:09:52'),(54,1,'6a71b7fc-f4d4-4c17-8895-d8f23d91dfa2','\'','2024-08-02 16:09:52','2024-08-02 16:09:52'),(55,1,'6a71b7fc-f4d4-4c17-8895-d8f23d91dfa2','\'','2024-08-02 16:09:53','2024-08-02 16:09:53'),(56,1,'6a71b7fc-f4d4-4c17-8895-d8f23d91dfa2','\'','2024-08-02 16:09:53','2024-08-02 16:09:53'),(57,1,'6a71b7fc-f4d4-4c17-8895-d8f23d91dfa2','\'','2024-08-02 16:09:53','2024-08-02 16:09:53'),(58,1,'6a71b7fc-f4d4-4c17-8895-d8f23d91dfa2','[','2024-08-02 16:09:53','2024-08-02 16:09:53'),(59,1,'6a71b7fc-f4d4-4c17-8895-d8f23d91dfa2','[','2024-08-02 16:09:53','2024-08-02 16:09:53'),(60,1,'6a71b7fc-f4d4-4c17-8895-d8f23d91dfa2','[','2024-08-02 16:09:54','2024-08-02 16:09:54'),(61,1,'6a71b7fc-f4d4-4c17-8895-d8f23d91dfa2','[','2024-08-02 16:09:54','2024-08-02 16:09:54'),(62,1,'6a71b7fc-f4d4-4c17-8895-d8f23d91dfa2','[','2024-08-02 16:09:54','2024-08-02 16:09:54'),(63,1,'6a71b7fc-f4d4-4c17-8895-d8f23d91dfa2','[','2024-08-02 16:09:54','2024-08-02 16:09:54'),(64,1,'6a71b7fc-f4d4-4c17-8895-d8f23d91dfa2',']','2024-08-02 16:09:54','2024-08-02 16:09:54'),(65,1,'6a71b7fc-f4d4-4c17-8895-d8f23d91dfa2',']','2024-08-02 16:09:54','2024-08-02 16:09:54'),(66,1,'6a71b7fc-f4d4-4c17-8895-d8f23d91dfa2',']','2024-08-02 16:09:55','2024-08-02 16:09:55'),(67,1,'6a71b7fc-f4d4-4c17-8895-d8f23d91dfa2',']','2024-08-02 16:09:55','2024-08-02 16:09:55'),(68,1,'6a71b7fc-f4d4-4c17-8895-d8f23d91dfa2',']','2024-08-02 16:09:55','2024-08-02 16:09:55'),(69,1,'6a71b7fc-f4d4-4c17-8895-d8f23d91dfa2','[','2024-08-02 16:09:55','2024-08-02 16:09:55'),(70,1,'6a71b7fc-f4d4-4c17-8895-d8f23d91dfa2',']','2024-08-02 16:09:55','2024-08-02 16:09:55'),(71,1,'6a71b7fc-f4d4-4c17-8895-d8f23d91dfa2','[','2024-08-02 16:09:55','2024-08-02 16:09:55'),(72,1,'6a71b7fc-f4d4-4c17-8895-d8f23d91dfa2',']','2024-08-02 16:09:56','2024-08-02 16:09:56'),(73,1,'6a71b7fc-f4d4-4c17-8895-d8f23d91dfa2','[]','2024-08-02 16:09:56','2024-08-02 16:09:56'),(74,1,'6a71b7fc-f4d4-4c17-8895-d8f23d91dfa2','li','2024-08-02 16:09:56','2024-08-02 16:09:56'),(75,1,'6a71b7fc-f4d4-4c17-8895-d8f23d91dfa2','i','2024-08-02 16:09:57','2024-08-02 16:09:57'),(76,1,'6a71b7fc-f4d4-4c17-8895-d8f23d91dfa2','k','2024-08-02 16:09:57','2024-08-02 16:09:57'),(77,1,'6a71b7fc-f4d4-4c17-8895-d8f23d91dfa2','k','2024-08-02 16:09:57','2024-08-02 16:09:57'),(78,1,'6a71b7fc-f4d4-4c17-8895-d8f23d91dfa2','k','2024-08-02 16:09:58','2024-08-02 16:09:58'),(79,1,'6a71b7fc-f4d4-4c17-8895-d8f23d91dfa2','k','2024-08-02 16:09:58','2024-08-02 16:09:58'),(80,1,'6a71b7fc-f4d4-4c17-8895-d8f23d91dfa2','k','2024-08-02 16:09:58','2024-08-02 16:09:58'),(81,1,'6a71b7fc-f4d4-4c17-8895-d8f23d91dfa2','k','2024-08-02 16:09:58','2024-08-02 16:09:58'),(82,1,'6a71b7fc-f4d4-4c17-8895-d8f23d91dfa2','k','2024-08-02 16:09:58','2024-08-02 16:09:58'),(83,1,'6a71b7fc-f4d4-4c17-8895-d8f23d91dfa2','k','2024-08-02 16:09:59','2024-08-02 16:09:59'),(84,1,'6a71b7fc-f4d4-4c17-8895-d8f23d91dfa2','k','2024-08-02 16:09:59','2024-08-02 16:09:59'),(85,1,'6a71b7fc-f4d4-4c17-8895-d8f23d91dfa2','k','2024-08-02 16:09:59','2024-08-02 16:09:59'),(86,1,'6a71b7fc-f4d4-4c17-8895-d8f23d91dfa2','k','2024-08-02 16:09:59','2024-08-02 16:09:59'),(87,1,'6a71b7fc-f4d4-4c17-8895-d8f23d91dfa2','k','2024-08-02 16:09:59','2024-08-02 16:09:59'),(88,1,'6a71b7fc-f4d4-4c17-8895-d8f23d91dfa2','k','2024-08-02 16:09:59','2024-08-02 16:09:59'),(89,1,'6a71b7fc-f4d4-4c17-8895-d8f23d91dfa2','k','2024-08-02 16:10:00','2024-08-02 16:10:00'),(90,1,'6a71b7fc-f4d4-4c17-8895-d8f23d91dfa2','k','2024-08-02 16:10:00','2024-08-02 16:10:00'),(91,1,'6a71b7fc-f4d4-4c17-8895-d8f23d91dfa2','k','2024-08-02 16:10:00','2024-08-02 16:10:00'),(92,1,'6a71b7fc-f4d4-4c17-8895-d8f23d91dfa2','k','2024-08-02 16:10:00','2024-08-02 16:10:00'),(93,1,'6a71b7fc-f4d4-4c17-8895-d8f23d91dfa2','k','2024-08-02 16:10:00','2024-08-02 16:10:00'),(94,1,'6a71b7fc-f4d4-4c17-8895-d8f23d91dfa2','k','2024-08-02 16:10:00','2024-08-02 16:10:00'),(95,1,'6a71b7fc-f4d4-4c17-8895-d8f23d91dfa2','k','2024-08-02 16:10:01','2024-08-02 16:10:01'),(96,1,'72946874-8957-40c3-a00c-0f4c0af4b366','l','2024-08-02 16:10:07','2024-08-02 16:10:07'),(97,1,'72946874-8957-40c3-a00c-0f4c0af4b366','ll','2024-08-02 16:10:07','2024-08-02 16:10:07'),(98,1,'72946874-8957-40c3-a00c-0f4c0af4b366','l','2024-08-02 16:10:07','2024-08-02 16:10:07'),(99,1,'72946874-8957-40c3-a00c-0f4c0af4b366','l','2024-08-02 16:10:08','2024-08-02 16:10:08'),(100,1,'72946874-8957-40c3-a00c-0f4c0af4b366','l','2024-08-02 16:10:08','2024-08-02 16:10:08'),(101,1,'72946874-8957-40c3-a00c-0f4c0af4b366','l','2024-08-02 16:10:08','2024-08-02 16:10:08'),(102,1,'72946874-8957-40c3-a00c-0f4c0af4b366','l','2024-08-02 16:10:08','2024-08-02 16:10:08'),(103,1,'72946874-8957-40c3-a00c-0f4c0af4b366','l','2024-08-02 16:10:08','2024-08-02 16:10:08'),(104,1,'72946874-8957-40c3-a00c-0f4c0af4b366','l','2024-08-02 16:10:09','2024-08-02 16:10:09'),(105,1,'72946874-8957-40c3-a00c-0f4c0af4b366','l','2024-08-02 16:10:09','2024-08-02 16:10:09'),(106,1,'72946874-8957-40c3-a00c-0f4c0af4b366','l','2024-08-02 16:10:09','2024-08-02 16:10:09'),(107,1,'72946874-8957-40c3-a00c-0f4c0af4b366','l','2024-08-02 16:10:09','2024-08-02 16:10:09'),(108,1,'72946874-8957-40c3-a00c-0f4c0af4b366','l','2024-08-02 16:10:09','2024-08-02 16:10:09'),(109,1,'72946874-8957-40c3-a00c-0f4c0af4b366','l','2024-08-02 16:10:09','2024-08-02 16:10:09'),(110,1,'72946874-8957-40c3-a00c-0f4c0af4b366','l','2024-08-02 16:10:10','2024-08-02 16:10:10'),(111,1,'72946874-8957-40c3-a00c-0f4c0af4b366','ll','2024-08-02 16:10:10','2024-08-02 16:10:10'),(112,1,'72946874-8957-40c3-a00c-0f4c0af4b366','l','2024-08-02 16:10:11','2024-08-02 16:10:11'),(113,1,'72946874-8957-40c3-a00c-0f4c0af4b366',';','2024-08-02 16:10:11','2024-08-02 16:10:11'),(114,1,'72946874-8957-40c3-a00c-0f4c0af4b366',';','2024-08-02 16:10:11','2024-08-02 16:10:11'),(115,1,'72946874-8957-40c3-a00c-0f4c0af4b366',';','2024-08-02 16:10:11','2024-08-02 16:10:11'),(116,1,'72946874-8957-40c3-a00c-0f4c0af4b366',';','2024-08-02 16:10:11','2024-08-02 16:10:11'),(117,1,'72946874-8957-40c3-a00c-0f4c0af4b366',';','2024-08-02 16:10:12','2024-08-02 16:10:12'),(118,1,'72946874-8957-40c3-a00c-0f4c0af4b366',';','2024-08-02 16:10:12','2024-08-02 16:10:12'),(119,1,'72946874-8957-40c3-a00c-0f4c0af4b366',';','2024-08-02 16:10:12','2024-08-02 16:10:12'),(120,1,'72946874-8957-40c3-a00c-0f4c0af4b366',';','2024-08-02 16:10:12','2024-08-02 16:10:12'),(121,1,'72946874-8957-40c3-a00c-0f4c0af4b366',';;;','2024-08-02 16:10:13','2024-08-02 16:10:13'),(122,1,'72946874-8957-40c3-a00c-0f4c0af4b366',';','2024-08-02 16:10:13','2024-08-02 16:10:13'),(123,1,'72946874-8957-40c3-a00c-0f4c0af4b366',';;','2024-08-02 16:10:13','2024-08-02 16:10:13'),(124,1,'72946874-8957-40c3-a00c-0f4c0af4b366',';','2024-08-02 16:10:13','2024-08-02 16:10:13'),(125,1,'72946874-8957-40c3-a00c-0f4c0af4b366',';;','2024-08-02 16:10:14','2024-08-02 16:10:14'),(126,1,'72946874-8957-40c3-a00c-0f4c0af4b366',';','2024-08-02 16:10:14','2024-08-02 16:10:14'),(127,1,'72946874-8957-40c3-a00c-0f4c0af4b366',';','2024-08-02 16:10:14','2024-08-02 16:10:14'),(128,1,'72946874-8957-40c3-a00c-0f4c0af4b366',';','2024-08-02 16:10:14','2024-08-02 16:10:14'),(129,1,'72946874-8957-40c3-a00c-0f4c0af4b366',';','2024-08-02 16:10:14','2024-08-02 16:10:14'),(130,1,'72946874-8957-40c3-a00c-0f4c0af4b366',';','2024-08-02 16:10:14','2024-08-02 16:10:14'),(131,1,'72946874-8957-40c3-a00c-0f4c0af4b366',';','2024-08-02 16:10:14','2024-08-02 16:10:14'),(132,1,'72946874-8957-40c3-a00c-0f4c0af4b366',';','2024-08-02 16:10:15','2024-08-02 16:10:15'),(133,1,'72946874-8957-40c3-a00c-0f4c0af4b366',';','2024-08-02 16:10:15','2024-08-02 16:10:15'),(134,1,'72946874-8957-40c3-a00c-0f4c0af4b366',';','2024-08-02 16:10:15','2024-08-02 16:10:15'),(135,1,'72946874-8957-40c3-a00c-0f4c0af4b366',';','2024-08-02 16:10:15','2024-08-02 16:10:15'),(136,1,'72946874-8957-40c3-a00c-0f4c0af4b366',';','2024-08-02 16:10:15','2024-08-02 16:10:15'),(137,1,'72946874-8957-40c3-a00c-0f4c0af4b366',';','2024-08-02 16:10:15','2024-08-02 16:10:15'),(138,1,'72946874-8957-40c3-a00c-0f4c0af4b366',';','2024-08-02 16:10:16','2024-08-02 16:10:16'),(139,1,'72946874-8957-40c3-a00c-0f4c0af4b366',';;','2024-08-02 16:10:17','2024-08-02 16:10:17'),(140,1,'72946874-8957-40c3-a00c-0f4c0af4b366',';','2024-08-02 16:10:17','2024-08-02 16:10:17'),(141,1,'72946874-8957-40c3-a00c-0f4c0af4b366',';','2024-08-02 16:10:17','2024-08-02 16:10:17'),(142,1,'72946874-8957-40c3-a00c-0f4c0af4b366','\'','2024-08-02 16:10:17','2024-08-02 16:10:17'),(143,1,'72946874-8957-40c3-a00c-0f4c0af4b366','\'','2024-08-02 16:10:17','2024-08-02 16:10:17'),(144,1,'72946874-8957-40c3-a00c-0f4c0af4b366','\'','2024-08-02 16:10:18','2024-08-02 16:10:18'),(145,1,'72946874-8957-40c3-a00c-0f4c0af4b366','\'','2024-08-02 16:10:18','2024-08-02 16:10:18'),(146,1,'72946874-8957-40c3-a00c-0f4c0af4b366','\'','2024-08-02 16:10:18','2024-08-02 16:10:18'),(147,1,'72946874-8957-40c3-a00c-0f4c0af4b366','\'','2024-08-02 16:10:18','2024-08-02 16:10:18'),(148,1,'72946874-8957-40c3-a00c-0f4c0af4b366','\'','2024-08-02 16:10:18','2024-08-02 16:10:18'),(149,1,'72946874-8957-40c3-a00c-0f4c0af4b366','\'\'','2024-08-02 16:10:18','2024-08-02 16:10:18'),(150,1,'72946874-8957-40c3-a00c-0f4c0af4b366','\'\'','2024-08-02 16:10:19','2024-08-02 16:10:19'),(151,1,'72946874-8957-40c3-a00c-0f4c0af4b366','\'\'','2024-08-02 16:10:19','2024-08-02 16:10:19'),(152,1,'72946874-8957-40c3-a00c-0f4c0af4b366','\'','2024-08-02 16:10:19','2024-08-02 16:10:19'),(153,1,'72946874-8957-40c3-a00c-0f4c0af4b366','\'','2024-08-02 16:10:19','2024-08-02 16:10:19'),(154,1,'72946874-8957-40c3-a00c-0f4c0af4b366','\'','2024-08-02 16:10:19','2024-08-02 16:10:19'),(155,1,'72946874-8957-40c3-a00c-0f4c0af4b366','\'','2024-08-02 16:10:19','2024-08-02 16:10:19'),(156,1,'72946874-8957-40c3-a00c-0f4c0af4b366','\'','2024-08-02 16:10:19','2024-08-02 16:10:19'),(157,1,'72946874-8957-40c3-a00c-0f4c0af4b366','\'','2024-08-02 16:10:20','2024-08-02 16:10:20'),(158,1,'72946874-8957-40c3-a00c-0f4c0af4b366','\'','2024-08-02 16:10:20','2024-08-02 16:10:20'),(159,1,'72946874-8957-40c3-a00c-0f4c0af4b366','\'','2024-08-02 16:10:20','2024-08-02 16:10:20'),(160,1,'72946874-8957-40c3-a00c-0f4c0af4b366','\'','2024-08-02 16:10:20','2024-08-02 16:10:20'),(161,1,'72946874-8957-40c3-a00c-0f4c0af4b366','\'','2024-08-02 16:10:20','2024-08-02 16:10:20'),(162,1,'72946874-8957-40c3-a00c-0f4c0af4b366','\'','2024-08-02 16:10:20','2024-08-02 16:10:20'),(163,1,'72946874-8957-40c3-a00c-0f4c0af4b366','\'','2024-08-02 16:10:21','2024-08-02 16:10:21'),(164,1,'72946874-8957-40c3-a00c-0f4c0af4b366','\'','2024-08-02 16:10:21','2024-08-02 16:10:21'),(165,1,'72946874-8957-40c3-a00c-0f4c0af4b366','\'\'','2024-08-02 16:10:21','2024-08-02 16:10:21'),(166,1,'72946874-8957-40c3-a00c-0f4c0af4b366','\'','2024-08-02 16:10:21','2024-08-02 16:10:21'),(167,1,'72946874-8957-40c3-a00c-0f4c0af4b366','\'','2024-08-02 16:10:22','2024-08-02 16:10:22'),(168,1,'72946874-8957-40c3-a00c-0f4c0af4b366','\'','2024-08-02 16:10:22','2024-08-02 16:10:22'),(169,1,'72946874-8957-40c3-a00c-0f4c0af4b366','\'','2024-08-02 16:10:22','2024-08-02 16:10:22'),(170,1,'72946874-8957-40c3-a00c-0f4c0af4b366','\'','2024-08-02 16:10:22','2024-08-02 16:10:22'),(171,1,'72946874-8957-40c3-a00c-0f4c0af4b366','\'','2024-08-02 16:10:22','2024-08-02 16:10:22'),(172,1,'72946874-8957-40c3-a00c-0f4c0af4b366','\'','2024-08-02 16:10:22','2024-08-02 16:10:22'),(173,1,'72946874-8957-40c3-a00c-0f4c0af4b366','\'','2024-08-02 16:10:23','2024-08-02 16:10:23'),(174,1,'72946874-8957-40c3-a00c-0f4c0af4b366','\'','2024-08-02 16:10:23','2024-08-02 16:10:23'),(175,1,'72946874-8957-40c3-a00c-0f4c0af4b366','\'','2024-08-02 16:10:23','2024-08-02 16:10:23'),(176,1,'72946874-8957-40c3-a00c-0f4c0af4b366','\'','2024-08-02 16:10:23','2024-08-02 16:10:23'),(177,1,'72946874-8957-40c3-a00c-0f4c0af4b366','\'','2024-08-02 16:10:23','2024-08-02 16:10:23'),(178,1,'6a71b7fc-f4d4-4c17-8895-d8f23d91dfa2','japanese','2024-08-02 16:11:14','2024-08-02 16:11:14'),(179,5,'72946874-8957-40c3-a00c-0f4c0af4b366','bcjwsb','2024-08-02 17:24:52','2024-08-02 17:24:52'),(180,5,'72946874-8957-40c3-a00c-0f4c0af4b366','d','2024-08-02 17:24:55','2024-08-02 17:24:55'),(181,5,'72946874-8957-40c3-a00c-0f4c0af4b366','d','2024-08-02 17:24:57','2024-08-02 17:24:57'),(182,5,'72946874-8957-40c3-a00c-0f4c0af4b366','dd','2024-08-02 17:24:59','2024-08-02 17:24:59'),(183,5,'72946874-8957-40c3-a00c-0f4c0af4b366','qdqwdqqdqwdqqdqwdqqdqwdqqdqwdqqdqwdqqdqwdqqdqwdqqdqwdqqdqwdqqdqwdqqdqwdqqdqwdqqdqwdqqdqwdqqdqwdqqdqwdqqdqwdqqdqwdqqdqwdq qdqwdq qdqwdq qdqwdq qdqwdqqdqwdqqdqwdqqdqwdqqdqwdqqdqwdqqdqwdqqdqwdqqdqwdqqdqwdqqdqwdqqdqwdqqdqwdqqdqwdqqdqwdqqdqwdqqdqwdqqdqwdqqdqwdqqdqwdq qdqwdq qdqwdq qdqwdq qdqwdqqdqwdqqdqwdqqdqwdqqdqwdqqdqwdqqdqwdqqdqwdqqdqwdqqdqwdqqdqwdqqdqwdqqdqwdqqdqwdqqdqwdqqdqwdqqdqwdqqdqwdqqdqwdqqdqwdq qdqwdq qdqwdq qdqwdq qdqwdqqdqwdqqdqwdqqdqwdqqdqwdqqdqwdqqdqwdqqdqwdqqdqwdqqdqwdqqdqwdqqdqwdqqdqwdqqdqwdqqdqwdqqdqwdqqdqwdqqdqwdqqdqwdqqdqwdq qdqwdq qdqwdq qdqwdq qdqwdqqdqwdqqdqwdqqdqwdqqdqwdqqdqwdqqdqwdqqdqwdqqdqwdqqdqwdqqdqwdqqdqwdqqdqwdqqdqwdqqdqwdqqdqwdqqdqwdqqdqwdqqdqwdqqdqwdq qdqwdq qdqwdq qdqwdq qdqwdqqdqwdqqdqwdqqdqwdqqdqwdqqdqwdqqdqwdqqdqwdqqdqwdqqdqwdqqdqwdqqdqwdqqdqwdqqdqwdqqdqwdqqdqwdqqdqwdqqdqwdqqdqwdqqdqwdq qdqwdq qdqwdq qdqwdq qdqwdqqdqwdqqdqwdqqdqwdqqdqwdqqdqwdqqdqwdqqdqwdqqdqwdqqdqwdqqdqwdqqdqwdqqdqwdqqdqwdqqdqwdqqdqwdqqdqwdqqdqwdqqdqwdqqdqwdq qdqwdq qdqwdq qdqwdq qdqwdqqdqwdqqdqwdqqdqwdqqdqwdqqdqwdqqdqwdqqdqwdqqdqwdqqdqwdqqdqwdqqdqwdqqdqwdqqdqwdqqdqwdqqdqwdqqdqwdqqdqwdqqdqwdqqdqwdq qdqwdq qdqwdq qdqwdqqdqwdqqdqwdqqdqwdqqdqwdqqdqwdqqdqwdqqdqwdqqdqwdqqdqwdqqdqwdqqdqwdqqdqwdqqdqwdqqdqwdqqdqwdqqdqwdqqdqwdqqdqwdqqdqwdqqdqwdq qdqwdq qdqwdq qdqwdq qdqwdqqdqwdqqdqwdqqdqwdqqdqwdqqdqwdqqdqwdqqdqwdqqdqwdqqdqwdqqdqwdqqdqwdqqdqwdqqdqwdqqdqwdqqdqwdqqdqwdqqdqwdqqdqwdqqdqwdq qdqwdq qdqwdq qdqwdq qdqwdqqdqwdqqdqwdqqdqwdqqdqwdqqdqwdqqdqwdqqdqwdqqdqwdqqdqwdqqdqwdqqdqwdqqdqwdqqdqwdqqdqwdqqdqwdqqdqwdqqdqwdqqdqwdqqdqwdq qdqwdq qdqwdq qdqwdq qdqwdqqdqwdqqdqwdqqdqwdqqdqwdqqdqwdqqdqwdqqdqwdqqdqwdqqdqwdqqdqwdqqdqwdqqdqwdqqdqwdqqdqwdqqdqwdqqdqwdqqdqwdqqdqwdqqdqwdq qdqwdq qdqwdq qdqwdqqdqwdqqdqwdqqdqwdqqdqwdqqdqwdqqdqwdqqdqwdqqdqwdqqdqwdqqdqwdqqdqwdqqdqwdqqdqwdqqdqwdqqdqwdqqdqwdqqdqwdqqdqwdqqdqwdqqdqwdq qdqwdq qdqwdq qdqwdq qdqwdqqdqwdqqdqwdqqdqwdqqdqwdqqdqwdqqdqwdqqdqwdqqdqwdqqdqwdqqdqwdqqdqwdqqdqwdqqdqwdqqdqwdqqdqwdqqdqwdqqdqwdqqdqwdqqdqwdq qdqwdq qdqwdq qdqwdq qdqwdqqdqwdqqdqwdqqdqwdqqdqwdqqdqwdqqdqwdqqdqwdqqdqwdqqdqwdqqdqwdqqdqwdqqdqwdqqdqwdqqdqwdqqdqwdqqdqwdqqdqwdqqdqwdqqdqwdq qdqwdq qdqwdq qdqwdq qdqwdqqdqwdqqdqwdqqdqwdqqdqwdqqdqwdqqdqwdqqdqwdqqdqwdqqdqwdqqdqwdqqdqwdqqdqwdqqdqwdqqdqwdqqdqwdqqdqwdqqdqwdqqdqwdqqdqwdq qdqwdq qdqwdq qdqwdqqdqwdqqdqwdqqdqwdqqdqwdqqdqwdqqdqwdqqdqwdqqdqwdqqdqwdqqdqwdqqdqwdqqdqwdqqdqwdqqdqwdqqdqwdqqdqwdqqdqwdqqdqwdqqdqwdqqdqwdq qdqwdq qdqwdq qdqwdq qdqwdqqdqwdqqdqwdqqdqwdqqdqwdqqdqwdqqdqwdqqdqwdqqdqwdqqdqwdqqdqwdqqdqwdqqdqwdqqdqwdqqdqwdqqdqwdqqdqwdqqdqwdqqdqwdqqdqwdq qdqwdq qdqwdq qdqwdq qdqwdqqdqwdqqdqwdqqdqwdqqdqwdqqdqwdqqdqwdqqdqwdqqdqwdqqdqwdqqdqwdqqdqwdqqdqwdqqdqwdqqdqwdqqdqwdqqdqwdqqdqwdqqdqwdqqdqwdq qdqwdq qdqwdq qdqwdq qdqwdqqdqwdqqdqwdqqdqwdqqdqwdqqdqwdqqdqwdqqdqwdqqdqwdqqdqwdqqdqwdqqdqwdqqdqwdqqdqwdqqdqwdqqdqwdqqdqwdqqdqwdqqdqwdqqdqwdq qdqwdq qdqwdq qdqwdqqdqwdqqdqwdqqdqwdqqdqwdqqdqwdqqdqwdqqdqwdqqdqwdqqdqwdqqdqwdqqdqwdqqdqwdqqdqwdqqdqwdqqdqwdqqdqwdqqdqwdqqdqwdqqdqwdqqdqwdq qdqwdq qdqwdq qdqwdq qdqwdqqdqwdqqdqwdqqdqwdqqdqwdqqdqwdqqdqwdqqdqwdqqdqwdqqdqwdqqdqwdqqdqwdqqdqwdqqdqwdqqdqwdqqdqwdqqdqwdqqdqwdqqdqwdqqdqwdq qdqwdq qdqwdq qdqwdq qdqwdqqdqwdqqdqwdqqdqwdqqdqwdqqdqwdqqdqwdqqdqwdqqdqwdqqdqwdqqdqwdqqdqwdqqdqwdqqdqwdqqdqwdqqdqwdqqdqwdqqdqwdqqdqwdqqdqwdq qdqwdq qdqwdq qdqwdq qdqwdqqdqwdqqdqwdqqdqwdqqdqwdqqdqwdqqdqwdqqdqwdqqdqwdqqdqwdqqdqwdqqdqwdqqdqwdqqdqwdqqdqwdqqdqwdqqdqwdqqdqwdqqdqwdqqdqwdq qdqwdq qdqwdq qdqwdqqdqwdqqdqwdqqdqwdqqdqwdqqdqwdqqdqwdqqdqwdqqdqwdqqdqwdqqdqwdqqdqwdqqdqwdqqdqwdqqdqwdqqdqwdqqdqwdqqdqwdqqdqwdqqdqwdqqdqwdq qdqwdq qdqwdq qdqwdq qdqwdqqdqwdqqdqwdqqdqwdqqdqwdqqdqwdqqdqwdqqdqwdqqdqwdqqdqwdqqdqwdqqdqwdqqdqwdqqdqwdqqdqwdqqdqwdqqdqwdqqdqwdqqdqwdqqdqwdq qdqwdq qdqwdq qdqwdq qdqwdqqdqwdqqdqwdqqdqwdqqdqwdqqdqwdqqdqwdqqdqwdqqdqwdqqdqwdqqdqwdqqdqwdqqdqwdqqdqwdqqdqwdqqdqwdqqdqwdqqdqwdqqdqwdqqdqwdq qdqwdq qdqwdq qdqwdq qdqwdqqdqwdqqdqwdqqdqwdqqdqwdqqdqwdqqdqwdqqdqwdqqdqwdqqdqwdqqdqwdqqdqwdqqdqwdqqdqwdqqdqwdqqdqwdqqdqwdqqdqwdqqdqwdqqdqwdq qdqwdq qdqwdq qdqwdqqdqwdqqdqwdqqdqwdqqdqwdqqdqwdqqdqwdqqdqwdqqdqwdqqdqwdqqdqwdqqdqwdqqdqwdqqdqwdqqdqwdqqdqwdqqdqwdqqdqwdqqdqwdqqdqwdqqdqwdq qdqwdq qdqwdq qdqwdq qdqwdqqdqwdqqdqwdqqdqwdqqdqwdqqdqwdqqdqwdqqdqwdqqdqwdqqdqwdqqdqwdqqdqwdqqdqwdqqdqwdqqdqwdqqdqwdqqdqwdqqdqwdqqdqwdqqdqwdq qdqwdq qdqwdq qdqwdq qdqwdqqdqwdqqdqwdqqdqwdqqdqwdqqdqwdqqdqwdqqdqwdqqdqwdqqdqwdqqdqwdqqdqwdqqdqwdqqdqwdqqdqwdqqdqwdqqdqwdqqdqwdqqdqwdqqdqwdq qdqwdq qdqwdq qdqwdq qdqwdqqdqwdqqdqwdqqdqwdqqdqwdqqdqwdqqdqwdqqdqwdqqdqwdqqdqwdqqdqwdqqdqwdqqdqwdqqdqwdqqdqwdqqdqwdqqdqwdqqdqwdqqdqwdqqdqwdq qdqwdq qdqwdq qdqwdq','2024-08-02 17:25:46','2024-08-02 17:25:46'),(184,5,'72946874-8957-40c3-a00c-0f4c0af4b366','qdqwdqqdqwdqqdqwdqqdqwdqqdqwdqqdqwdqqdqwdqqdqwdqqdqwdqqdqwdqqdqwdqqdqwdqqdqwdqqdqwdqqdqwdqqdqwdqqdqwdqqdqwdqqdqwdqqdqwdq qdqwdq qdqwdq qdqwdq qdqwdqqdqwdqqdqwdqqdqwdqqdqwdqqdqwdqqdqwdqqdqwdqqdqwdqqdqwdqqdqwdqqdqwdqqdqwdqqdqwdqqdqwdqqdqwdqqdqwdqqdqwdqqdqwdqqdqwdq qdqwdq qdqwdq qdqwdq qdqwdqqdqwdqqdqwdqqdqwdqqdqwdqqdqwdqqdqwdqqdqwdqqdqwdqqdqwdqqdqwdqqdqwdqqdqwdqqdqwdqqdqwdqqdqwdqqdqwdqqdqwdqqdqwdqqdqwdq qdqwdq qdqwdq qdqwdq qdqwdqqdqwdqqdqwdqqdqwdqqdqwdqqdqwdqqdqwdqqdqwdqqdqwdqqdqwdqqdqwdqqdqwdqqdqwdqqdqwdqqdqwdqqdqwdqqdqwdqqdqwdqqdqwdqqdqwdq qdqwdq qdqwdq qdqwdq qdqwdqqdqwdqqdqwdqqdqwdqqdqwdqqdqwdqqdqwdqqdqwdqqdqwdqqdqwdqqdqwdqqdqwdqqdqwdqqdqwdqqdqwdqqdqwdqqdqwdqqdqwdqqdqwdqqdqwdq qdqwdq qdqwdq qdqwdq qdqwdqqdqwdqqdqwdqqdqwdqqdqwdqqdqwdqqdqwdqqdqwdqqdqwdqqdqwdqqdqwdqqdqwdqqdqwdqqdqwdqqdqwdqqdqwdqqdqwdqqdqwdqqdqwdqqdqwdq qdqwdq qdqwdq qdqwdq qdqwdqqdqwdqqdqwdqqdqwdqqdqwdqqdqwdqqdqwdqqdqwdqqdqwdqqdqwdqqdqwdqqdqwdqqdqwdqqdqwdqqdqwdqqdqwdqqdqwdqqdqwdqqdqwdqqdqwdq qdqwdq qdqwdq qdqwdq qdqwdqqdqwdqqdqwdqqdqwdqqdqwdqqdqwdqqdqwdqqdqwdqqdqwdqqdqwdqqdqwdqqdqwdqqdqwdqqdqwdqqdqwdqqdqwdqqdqwdqqdqwdqqdqwdqqdqwdq qdqwdq qdqwdq qdqwdqqdqwdqqdqwdqqdqwdqqdqwdqqdqwdqqdqwdqqdqwdqqdqwdqqdqwdqqdqwdqqdqwdqqdqwdqqdqwdqqdqwdqqdqwdqqdqwdqqdqwdqqdqwdqqdqwdqqdqwdq qdqwdq qdqwdq qdqwdq qdqwdqqdqwdqqdqwdqqdqwdqqdqwdqqdqwdqqdqwdqqdqwdqqdqwdqqdqwdqqdqwdqqdqwdqqdqwdqqdqwdqqdqwdqqdqwdqqdqwdqqdqwdqqdqwdqqdqwdq qdqwdq qdqwdq qdqwdq qdqwdqqdqwdqqdqwdqqdqwdqqdqwdqqdqwdqqdqwdqqdqwdqqdqwdqqdqwdqqdqwdqqdqwdqqdqwdqqdqwdqqdqwdqqdqwdqqdqwdqqdqwdqqdqwdqqdqwdq qdqwdq qdqwdq qdqwdq qdqwdqqdqwdqqdqwdqqdqwdqqdqwdqqdqwdqqdqwdqqdqwdqqdqwdqqdqwdqqdqwdqqdqwdqqdqwdqqdqwdqqdqwdqqdqwdqqdqwdqqdqwdqqdqwdqqdqwdq qdqwdq qdqwdq qdqwdqqdqwdqqdqwdqqdqwdqqdqwdqqdqwdqqdqwdqqdqwdqqdqwdqqdqwdqqdqwdqqdqwdqqdqwdqqdqwdqqdqwdqqdqwdqqdqwdqqdqwdqqdqwdqqdqwdqqdqwdq qdqwdq qdqwdq qdqwdq qdqwdqqdqwdqqdqwdqqdqwdqqdqwdqqdqwdqqdqwdqqdqwdqqdqwdqqdqwdqqdqwdqqdqwdqqdqwdqqdqwdqqdqwdqqdqwdqqdqwdqqdqwdqqdqwdqqdqwdq qdqwdq qdqwdq qdqwdq qdqwdqqdqwdqqdqwdqqdqwdqqdqwdqqdqwdqqdqwdqqdqwdqqdqwdqqdqwdqqdqwdqqdqwdqqdqwdqqdqwdqqdqwdqqdqwdqqdqwdqqdqwdqqdqwdqqdqwdq qdqwdq qdqwdq qdqwdq qdqwdqqdqwdqqdqwdqqdqwdqqdqwdqqdqwdqqdqwdqqdqwdqqdqwdqqdqwdqqdqwdqqdqwdqqdqwdqqdqwdqqdqwdqqdqwdqqdqwdqqdqwdqqdqwdqqdqwdq qdqwdq qdqwdq qdqwdqqdqwdqqdqwdqqdqwdqqdqwdqqdqwdqqdqwdqqdqwdqqdqwdqqdqwdqqdqwdqqdqwdqqdqwdqqdqwdqqdqwdqqdqwdqqdqwdqqdqwdqqdqwdqqdqwdqqdqwdq qdqwdq qdqwdq qdqwdq qdqwdqqdqwdqqdqwdqqdqwdqqdqwdqqdqwdqqdqwdqqdqwdqqdqwdqqdqwdqqdqwdqqdqwdqqdqwdqqdqwdqqdqwdqqdqwdqqdqwdqqdqwdqqdqwdqqdqwdq qdqwdq qdqwdq qdqwdq qdqwdqqdqwdqqdqwdqqdqwdqqdqwdqqdqwdqqdqwdqqdqwdqqdqwdqqdqwdqqdqwdqqdqwdqqdqwdqqdqwdqqdqwdqqdqwdqqdqwdqqdqwdqqdqwdqqdqwdq qdqwdq qdqwdq qdqwdq qdqwdqqdqwdqqdqwdqqdqwdqqdqwdqqdqwdqqdqwdqqdqwdqqdqwdqqdqwdqqdqwdqqdqwdqqdqwdqqdqwdqqdqwdqqdqwdqqdqwdqqdqwdqqdqwdqqdqwdq qdqwdq qdqwdq qdqwdqqdqwdqqdqwdqqdqwdqqdqwdqqdqwdqqdqwdqqdqwdqqdqwdqqdqwdqqdqwdqqdqwdqqdqwdqqdqwdqqdqwdqqdqwdqqdqwdqqdqwdqqdqwdqqdqwdqqdqwdq qdqwdq qdqwdq qdqwdq qdqwdqqdqwdqqdqwdqqdqwdqqdqwdqqdqwdqqdqwdqqdqwdqqdqwdqqdqwdqqdqwdqqdqwdqqdqwdqqdqwdqqdqwdqqdqwdqqdqwdqqdqwdqqdqwdqqdqwdq qdqwdq qdqwdq qdqwdq qdqwdqqdqwdqqdqwdqqdqwdqqdqwdqqdqwdqqdqwdqqdqwdqqdqwdqqdqwdqqdqwdqqdqwdqqdqwdqqdqwdqqdqwdqqdqwdqqdqwdqqdqwdqqdqwdqqdqwdq qdqwdq qdqwdq qdqwdq qdqwdqqdqwdqqdqwdqqdqwdqqdqwdqqdqwdqqdqwdqqdqwdqqdqwdqqdqwdqqdqwdqqdqwdqqdqwdqqdqwdqqdqwdqqdqwdqqdqwdqqdqwdqqdqwdqqdqwdq qdqwdq qdqwdq qdqwdqqdqwdqqdqwdqqdqwdqqdqwdqqdqwdqqdqwdqqdqwdqqdqwdqqdqwdqqdqwdqqdqwdqqdqwdqqdqwdqqdqwdqqdqwdqqdqwdqqdqwdqqdqwdqqdqwdqqdqwdq qdqwdq qdqwdq qdqwdq qdqwdqqdqwdqqdqwdqqdqwdqqdqwdqqdqwdqqdqwdqqdqwdqqdqwdqqdqwdqqdqwdqqdqwdqqdqwdqqdqwdqqdqwdqqdqwdqqdqwdqqdqwdqqdqwdqqdqwdq qdqwdq qdqwdq qdqwdq qdqwdqqdqwdqqdqwdqqdqwdqqdqwdqqdqwdqqdqwdqqdqwdqqdqwdqqdqwdqqdqwdqqdqwdqqdqwdqqdqwdqqdqwdqqdqwdqqdqwdqqdqwdqqdqwdqqdqwdq qdqwdq qdqwdq qdqwdq qdqwdqqdqwdqqdqwdqqdqwdqqdqwdqqdqwdqqdqwdqqdqwdqqdqwdqqdqwdqqdqwdqqdqwdqqdqwdqqdqwdqqdqwdqqdqwdqqdqwdqqdqwdqqdqwdqqdqwdq qdqwdq qdqwdq qdqwdqqdqwdqqdqwdqqdqwdqqdqwdqqdqwdqqdqwdqqdqwdqqdqwdqqdqwdqqdqwdqqdqwdqqdqwdqqdqwdqqdqwdqqdqwdqqdqwdqqdqwdqqdqwdqqdqwdqqdqwdq qdqwdq qdqwdq qdqwdq qdqwdqqdqwdqqdqwdqqdqwdqqdqwdqqdqwdqqdqwdqqdqwdqqdqwdqqdqwdqqdqwdqqdqwdqqdqwdqqdqwdqqdqwdqqdqwdqqdqwdqqdqwdqqdqwdqqdqwdq qdqwdq qdqwdq qdqwdq qdqwdqqdqwdqqdqwdqqdqwdqqdqwdqqdqwdqqdqwdqqdqwdqqdqwdqqdqwdqqdqwdqqdqwdqqdqwdqqdqwdqqdqwdqqdqwdqqdqwdqqdqwdqqdqwdqqdqwdq qdqwdq qdqwdq qdqwdq qdqwdqqdqwdqqdqwdqqdqwdqqdqwdqqdqwdqqdqwdqqdqwdqqdqwdqqdqwdqqdqwdqqdqwdqqdqwdqqdqwdqqdqwdqqdqwdqqdqwdqqdqwdqqdqwdqqdqwdq qdqwdq qdqwdq qdqwdq\n\nqdqwdqqdqwdqqdqwdqqdqwdqqdqwdqqdqwdqqdqwdqqdqwdqqdqwdqqdqwdqqdqwdqqdqwdqqdqwdqqdqwdqqdqwdqqdqwdqqdqwdqqdqwdqqdqwdqqdqwdq qdqwdq qdqwdq qdqwdq qdqwdqqdqwdqqdqwdqqdqwdqqdqwdqqdqwdqqdqwdqqdqwdqqdqwdqqdqwdqqdqwdqqdqwdqqdqwdqqdqwdqqdqwdqqdqwdqqdqwdqqdqwdqqdqwdqqdqwdq qdqwdq qdqwdq qdqwdq qdqwdqqdqwdqqdqwdqqdqwdqqdqwdqqdqwdqqdqwdqqdqwdqqdqwdqqdqwdqqdqwdqqdqwdqqdqwdqqdqwdqqdqwdqqdqwdqqdqwdqqdqwdqqdqwdqqdqwdq qdqwdq qdqwdq qdqwdq qdqwdqqdqwdqqdqwdqqdqwdqqdqwdqqdqwdqqdqwdqqdqwdqqdqwdqqdqwdqqdqwdqqdqwdqqdqwdqqdqwdqqdqwdqqdqwdqqdqwdqqdqwdqqdqwdqqdqwdq qdqwdq qdqwdq qdqwdq qdqwdqqdqwdqqdqwdqqdqwdqqdqwdqqdqwdqqdqwdqqdqwdqqdqwdqqdqwdqqdqwdqqdqwdqqdqwdqqdqwdqqdqwdqqdqwdqqdqwdqqdqwdqqdqwdqqdqwdq qdqwdq qdqwdq qdqwdq qdqwdqqdqwdqqdqwdqqdqwdqqdqwdqqdqwdqqdqwdqqdqwdqqdqwdqqdqwdqqdqwdqqdqwdqqdqwdqqdqwdqqdqwdqqdqwdqqdqwdqqdqwdqqdqwdqqdqwdq qdqwdq qdqwdq qdqwdq qdqwdqqdqwdqqdqwdqqdqwdqqdqwdqqdqwdqqdqwdqqdqwdqqdqwdqqdqwdqqdqwdqqdqwdqqdqwdqqdqwdqqdqwdqqdqwdqqdqwdqqdqwdqqdqwdqqdqwdq qdqwdq qdqwdq qdqwdq qdqwdqqdqwdqqdqwdqqdqwdqqdqwdqqdqwdqqdqwdqqdqwdqqdqwdqqdqwdqqdqwdqqdqwdqqdqwdqqdqwdqqdqwdqqdqwdqqdqwdqqdqwdqqdqwdqqdqwdq qdqwdq qdqwdq qdqwdqqdqwdqqdqwdqqdqwdqqdqwdqqdqwdqqdqwdqqdqwdqqdqwdqqdqwdqqdqwdqqdqwdqqdqwdqqdqwdqqdqwdqqdqwdqqdqwdqqdqwdqqdqwdqqdqwdqqdqwdq qdqwdq qdqwdq qdqwdq qdqwdqqdqwdqqdqwdqqdqwdqqdqwdqqdqwdqqdqwdqqdqwdqqdqwdqqdqwdqqdqwdqqdqwdqqdqwdqqdqwdqqdqwdqqdqwdqqdqwdqqdqwdqqdqwdqqdqwdq qdqwdq qdqwdq qdqwdq qdqwdqqdqwdqqdqwdqqdqwdqqdqwdqqdqwdqqdqwdqqdqwdqqdqwdqqdqwdqqdqwdqqdqwdqqdqwdqqdqwdqqdqwdqqdqwdqqdqwdqqdqwdqqdqwdqqdqwdq qdqwdq qdqwdq qdqwdq qdqwdqqdqwdqqdqwdqqdqwdqqdqwdqqdqwdqqdqwdqqdqwdqqdqwdqqdqwdqqdqwdqqdqwdqqdqwdqqdqwdqqdqwdqqdqwdqqdqwdqqdqwdqqdqwdqqdqwdq qdqwdq qdqwdq qdqwdqqdqwdqqdqwdqqdqwdqqdqwdqqdqwdqqdqwdqqdqwdqqdqwdqqdqwdqqdqwdqqdqwdqqdqwdqqdqwdqqdqwdqqdqwdqqdqwdqqdqwdqqdqwdqqdqwdqqdqwdq qdqwdq qdqwdq qdqwdq qdqwdqqdqwdqqdqwdqqdqwdqqdqwdqqdqwdqqdqwdqqdqwdqqdqwdqqdqwdqqdqwdqqdqwdqqdqwdqqdqwdqqdqwdqqdqwdqqdqwdqqdqwdqqdqwdqqdqwdq qdqwdq qdqwdq qdqwdq qdqwdqqdqwdqqdqwdqqdqwdqqdqwdqqdqwdqqdqwdqqdqwdqqdqwdqqdqwdqqdqwdqqdqwdqqdqwdqqdqwdqqdqwdqqdqwdqqdqwdqqdqwdqqdqwdqqdqwdq qdqwdq qdqwdq qdqwdq qdqwdqqdqwdqqdqwdqqdqwdqqdqwdqqdqwdqqdqwdqqdqwdqqdqwdqqdqwdqqdqwdqqdqwdqqdqwdqqdqwdqqdqwdqqdqwdqqdqwdqqdqwdqqdqwdqqdqwdq qdqwdq qdqwdq qdqwdqqdqwdqqdqwdqqdqwdqqdqwdqqdqwdqqdqwdqqdqwdqqdqwdqqdqwdqqdqwdqqdqwdqqdqwdqqdqwdqqdqwdqqdqwdqqdqwdqqdqwdqqdqwdqqdqwdqqdqwdq qdqwdq qdqwdq qdqwdq qdqwdqqdqwdqqdqwdqqdqwdqqdqwdqqdqwdqqdqwdqqdqwdqqdqwdqqdqwdqqdqwdqqdqwdqqdqwdqqdqwdqqdqwdqqdqwdqqdqwdqqdqwdqqdqwdqqdqwdq qdqwdq qdqwdq qdqwdq qdqwdqqdqwdqqdqwdqqdqwdqqdqwdqqdqwdqqdqwdqqdqwdqqdqwdqqdqwdqqdqwdqqdqwdqqdqwdqqdqwdqqdqwdqqdqwdqqdqwdqqdqwdqqdqwdqqdqwdq qdqwdq qdqwdq qdqwdq qdqwdqqdqwdqqdqwdqqdqwdqqdqwdqqdqwdqqdqwdqqdqwdqqdqwdqqdqwdqqdqwdqqdqwdqqdqwdqqdqwdqqdqwdqqdqwdqqdqwdqqdqwdqqdqwdqqdqwdq qdqwdq qdqwdq qdqwdqqdqwdqqdqwdqqdqwdqqdqwdqqdqwdqqdqwdqqdqwdqqdqwdqqdqwdqqdqwdqqdqwdqqdqwdqqdqwdqqdqwdqqdqwdqqdqwdqqdqwdqqdqwdqqdqwdqqdqwdq qdqwdq qdqwdq qdqwdq qdqwdqqdqwdqqdqwdqqdqwdqqdqwdqqdqwdqqdqwdqqdqwdqqdqwdqqdqwdqqdqwdqqdqwdqqdqwdqqdqwdqqdqwdqqdqwdqqdqwdqqdqwdqqdqwdqqdqwdq qdqwdq qdqwdq qdqwdq qdqwdqqdqwdqqdqwdqqdqwdqqdqwdqqdqwdqqdqwdqqdqwdqqdqwdqqdqwdqqdqwdqqdqwdqqdqwdqqdqwdqqdqwdqqdqwdqqdqwdqqdqwdqqdqwdqqdqwdq qdqwdq qdqwdq qdqwdq qdqwdqqdqwdqqdqwdqqdqwdqqdqwdqqdqwdqqdqwdqqdqwdqqdqwdqqdqwdqqdqwdqqdqwdqqdqwdqqdqwdqqdqwdqqdqwdqqdqwdqqdqwdqqdqwdqqdqwdq qdqwdq qdqwdq qdqwdqqdqwdqqdqwdqqdqwdqqdqwdqqdqwdqqdqwdqqdqwdqqdqwdqqdqwdqqdqwdqqdqwdqqdqwdqqdqwdqqdqwdqqdqwdqqdqwdqqdqwdqqdqwdqqdqwdqqdqwdq qdqwdq qdqwdq qdqwdq qdqwdqqdqwdqqdqwdqqdqwdqqdqwdqqdqwdqqdqwdqqdqwdqqdqwdqqdqwdqqdqwdqqdqwdqqdqwdqqdqwdqqdqwdqqdqwdqqdqwdqqdqwdqqdqwdqqdqwdq qdqwdq qdqwdq qdqwdq qdqwdqqdqwdqqdqwdqqdqwdqqdqwdqqdqwdqqdqwdqqdqwdqqdqwdqqdqwdqqdqwdqqdqwdqqdqwdqqdqwdqqdqwdqqdqwdqqdqwdqqdqwdqqdqwdqqdqwdq qdqwdq qdqwdq qdqwdq qdqwdqqdqwdqqdqwdqqdqwdqqdqwdqqdqwdqqdqwdqqdqwdqqdqwdqqdqwdqqdqwdqqdqwdqqdqwdqqdqwdqqdqwdqqdqwdqqdqwdqqdqwdqqdqwdqqdqwdq qdqwdq qdqwdq qdqwdqqdqwdqqdqwdqqdqwdqqdqwdqqdqwdqqdqwdqqdqwdqqdqwdqqdqwdqqdqwdqqdqwdqqdqwdqqdqwdqqdqwdqqdqwdqqdqwdqqdqwdqqdqwdqqdqwdqqdqwdq qdqwdq qdqwdq qdqwdq qdqwdqqdqwdqqdqwdqqdqwdqqdqwdqqdqwdqqdqwdqqdqwdqqdqwdqqdqwdqqdqwdqqdqwdqqdqwdqqdqwdqqdqwdqqdqwdqqdqwdqqdqwdqqdqwdqqdqwdq qdqwdq qdqwdq qdqwdq qdqwdqqdqwdqqdqwdqqdqwdqqdqwdqqdqwdqqdqwdqqdqwdqqdqwdqqdqwdqqdqwdqqdqwdqqdqwdqqdqwdqqdqwdqqdqwdqqdqwdqqdqwdqqdqwdqqdqwdq qdqwdq qdqwdq qdqwdq qdqwdqqdqwdqqdqwdqqdqwdqqdqwdqqdqwdqqdqwdqqdqwdqqdqwdqqdqwdqqdqwdqqdqwdqqdqwdqqdqwdqqdqwdqqdqwdqqdqwdqqdqwdqqdqwdqqdqwdq qdqwdq qdqwdq qdqwdq\n\nqdqwdqqdqwdqqdqwdqqdqwdqqdqwdqqdqwdqqdqwdqqdqwdqqdqwdqqdqwdqqdqwdqqdqwdqqdqwdqqdqwdqqdqwdqqdqwdqqdqwdqqdqwdqqdqwdqqdqwdq qdqwdq qdqwdq qdqwdq qdqwdqqdqwdqqdqwdqqdqwdqqdqwdqqdqwdqqdqwdqqdqwdqqdqwdqqdqwdqqdqwdqqdqwdqqdqwdqqdqwdqqdqwdqqdqwdqqdqwdqqdqwdqqdqwdqqdqwdq qdqwdq qdqwdq qdqwdq qdqwdqqdqwdqqdqwdqqdqwdqqdqwdqqdqwdqqdqwdqqdqwdqqdqwdqqdqwdqqdqwdqqdqwdqqdqwdqqdqwdqqdqwdqqdqwdqqdqwdqqdqwdqqdqwdqqdqwdq qdqwdq qdqwdq qdqwdq qdqwdqqdqwdqqdqwdqqdqwdqqdqwdqqdqwdqqdqwdqqdqwdqqdqwdqqdqwdqqdqwdqqdqwdqqdqwdqqdqwdqqdqwdqqdqwdqqdqwdqqdqwdqqdqwdqqdqwdq qdqwdq qdqwdq qdqwdq qdqwdqqdqwdqqdqwdqqdqwdqqdqwdqqdqwdqqdqwdqqdqwdqqdqwdqqdqwdqqdqwdqqdqwdqqdqwdqqdqwdqqdqwdqqdqwdqqdqwdqqdqwdqqdqwdqqdqwdq qdqwdq qdqwdq qdqwdq qdqwdqqdqwdqqdqwdqqdqwdqqdqwdqqdqwdqqdqwdqqdqwdqqdqwdqqdqwdqqdqwdqqdqwdqqdqwdqqdqwdqqdqwdqqdqwdqqdqwdqqdqwdqqdqwdqqdqwdq qdqwdq qdqwdq qdqwdq qdqwdqqdqwdqqdqwdqqdqwdqqdqwdqqdqwdqqdqwdqqdqwdqqdqwdqqdqwdqqdqwdqqdqwdqqdqwdqqdqwdqqdqwdqqdqwdqqdqwdqqdqwdqqdqwdqqdqwdq qdqwdq qdqwdq qdqwdq qdqwdqqdqwdqqdqwdqqdqwdqqdqwdqqdqwdqqdqwdqqdqwdqqdqwdqqdqwdqqdqwdqqdqwdqqdqwdqqdqwdqqdqwdqqdqwdqqdqwdqqdqwdqqdqwdqqdqwdq qdqwdq qdqwdq qdqwdqqdqwdqqdqwdqqdqwdqqdqwdqqdqwdqqdqwdqqdqwdqqdqwdqqdqwdqqdqwdqqdqwdqqdqwdqqdqwdqqdqwdqqdqwdqqdqwdqqdqwdqqdqwdqqdqwdqqdqwdq qdqwdq qdqwdq qdqwdq qdqwdqqdqwdqqdqwdqqdqwdqqdqwdqqdqwdqqdqwdqqdqwdqqdqwdqqdqwdqqdqwdqqdqwdqqdqwdqqdqwdqqdqwdqqdqwdqqdqwdqqdqwdqqdqwdqqdqwdq qdqwdq qdqwdq qdqwdq qdqwdqqdqwdqqdqwdqqdqwdqqdqwdqqdqwdqqdqwdqqdqwdqqdqwdqqdqwdqqdqwdqqdqwdqqdqwdqqdqwdqqdqwdqqdqwdqqdqwdqqdqwdqqdqwdqqdqwdq qdqwdq qdqwdq qdqwdq qdqwdqqdqwdqqdqwdqqdqwdqqdqwdqqdqwdqqdqwdqqdqwdqqdqwdqqdqwdqqdqwdqqdqwdqqdqwdqqdqwdqqdqwdqqdqwdqqdqwdqqdqwdqqdqwdqqdqwdq qdqwdq qdqwdq qdqwdqqdqwdqqdqwdqqdqwdqqdqwdqqdqwdqqdqwdqqdqwdqqdqwdqqdqwdqqdqwdqqdqwdqqdqwdqqdqwdqqdqwdqqdqwdqqdqwdqqdqwdqqdqwdqqdqwdqqdqwdq qdqwdq qdqwdq qdqwdq qdqwdqqdqwdqqdqwdqqdqwdqqdqwdqqdqwdqqdqwdqqdqwdqqdqwdqqdqwdqqdqwdqqdqwdqqdqwdqqdqwdqqdqwdqqdqwdqqdqwdqqdqwdqqdqwdqqdqwdq qdqwdq qdqwdq qdqwdq qdqwdqqdqwdqqdqwdqqdqwdqqdqwdqqdqwdqqdqwdqqdqwdqqdqwdqqdqwdqqdqwdqqdqwdqqdqwdqqdqwdqqdqwdqqdqwdqqdqwdqqdqwdqqdqwdqqdqwdq qdqwdq qdqwdq qdqwdq qdqwdqqdqwdqqdqwdqqdqwdqqdqwdqqdqwdqqdqwdqqdqwdqqdqwdqqdqwdqqdqwdqqdqwdqqdqwdqqdqwdqqdqwdqqdqwdqqdqwdqqdqwdqqdqwdqqdqwdq qdqwdq qdqwdq qdqwdqqdqwdqqdqwdqqdqwdqqdqwdqqdqwdqqdqwdqqdqwdqqdqwdqqdqwdqqdqwdqqdqwdqqdqwdqqdqwdqqdqwdqqdqwdqqdqwdqqdqwdqqdqwdqqdqwdqqdqwdq qdqwdq qdqwdq qdqwdq qdqwdqqdqwdqqdqwdqqdqwdqqdqwdqqdqwdqqdqwdqqdqwdqqdqwdqqdqwdqqdqwdqqdqwdqqdqwdqqdqwdqqdqwdqqdqwdqqdqwdqqdqwdqqdqwdqqdqwdq qdqwdq qdqwdq qdqwdq qdqwdqqdqwdqqdqwdqqdqwdqqdqwdqqdqwdqqdqwdqqdqwdqqdqwdqqdqwdqqdqwdqqdqwdqqdqwdqqdqwdqqdqwdqqdqwdqqdqwdqqdqwdqqdqwdqqdqwdq qdqwdq qdqwdq qdqwdq qdqwdqqdqwdqqdqwdqqdqwdqqdqwdqqdqwdqqdqwdqqdqwdqqdqwdqqdqwdqqdqwdqqdqwdqqdqwdqqdqwdqqdqwdqqdqwdqqdqwdqqdqwdqqdqwdqqdqwdq qdqwdq qdqwdq qdqwdqqdqwdqqdqwdqqdqwdqqdqwdqqdqwdqqdqwdqqdqwdqqdqwdqqdqwdqqdqwdqqdqwdqqdqwdqqdqwdqqdqwdqqdqwdqqdqwdqqdqwdqqdqwdqqdqwdqqdqwdq qdqwdq qdqwdq qdqwdq qdqwdqqdqwdqqdqwdqqdqwdqqdqwdqqdqwdqqdqwdqqdqwdqqdqwdqqdqwdqqdqwdqqdqwdqqdqwdqqdqwdqqdqwdqqdqwdqqdqwdqqdqwdqqdqwdqqdqwdq qdqwdq qdqwdq qdqwdq qdqwdqqdqwdqqdqwdqqdqwdqqdqwdqqdqwdqqdqwdqqdqwdqqdqwdqqdqwdqqdqwdqqdqwdqqdqwdqqdqwdqqdqwdqqdqwdqqdqwdqqdqwdqqdqwdqqdqwdq qdqwdq qdqwdq qdqwdq qdqwdqqdqwdqqdqwdqqdqwdqqdqwdqqdqwdqqdqwdqqdqwdqqdqwdqqdqwdqqdqwdqqdqwdqqdqwdqqdqwdqqdqwdqqdqwdqqdqwdqqdqwdqqdqwdqqdqwdq qdqwdq qdqwdq qdqwdqqdqwdqqdqwdqqdqwdqqdqwdqqdqwdqqdqwdqqdqwdqqdqwdqqdqwdqqdqwdqqdqwdqqdqwdqqdqwdqqdqwdqqdqwdqqdqwdqqdqwdqqdqwdqqdqwdqqdqwdq qdqwdq qdqwdq qdqwdq qdqwdqqdqwdqqdqwdqqdqwdqqdqwdqqdqwdqqdqwdqqdqwdqqdqwdqqdqwdqqdqwdqqdqwdqqdqwdqqdqwdqqdqwdqqdqwdqqdqwdqqdqwdqqdqwdqqdqwdq qdqwdq qdqwdq qdqwdq qdqwdqqdqwdqqdqwdqqdqwdqqdqwdqqdqwdqqdqwdqqdqwdqqdqwdqqdqwdqqdqwdqqdqwdqqdqwdqqdqwdqqdqwdqqdqwdqqdqwdqqdqwdqqdqwdqqdqwdq qdqwdq qdqwdq qdqwdq qdqwdqqdqwdqqdqwdqqdqwdqqdqwdqqdqwdqqdqwdqqdqwdqqdqwdqqdqwdqqdqwdqqdqwdqqdqwdqqdqwdqqdqwdqqdqwdqqdqwdqqdqwdqqdqwdqqdqwdq qdqwdq qdqwdq qdqwdqqdqwdqqdqwdqqdqwdqqdqwdqqdqwdqqdqwdqqdqwdqqdqwdqqdqwdqqdqwdqqdqwdqqdqwdqqdqwdqqdqwdqqdqwdqqdqwdqqdqwdqqdqwdqqdqwdqqdqwdq qdqwdq qdqwdq qdqwdq qdqwdqqdqwdqqdqwdqqdqwdqqdqwdqqdqwdqqdqwdqqdqwdqqdqwdqqdqwdqqdqwdqqdqwdqqdqwdqqdqwdqqdqwdqqdqwdqqdqwdqqdqwdqqdqwdqqdqwdq qdqwdq qdqwdq qdqwdq qdqwdqqdqwdqqdqwdqqdqwdqqdqwdqqdqwdqqdqwdqqdqwdqqdqwdqqdqwdqqdqwdqqdqwdqqdqwdqqdqwdqqdqwdqqdqwdqqdqwdqqdqwdqqdqwdqqdqwdq qdqwdq qdqwdq qdqwdq qdqwdqqdqwdqqdqwdqqdqwdqqdqwdqqdqwdqqdqwdqqdqwdqqdqwdqqdqwdqqdqwdqqdqwdqqdqwdqqdqwdqqdqwdqqdqwdqqdqwdqqdqwdqqdqwdqqdqwdq qdqwdq qdqwdq qdqwdq\n\nqdqwdqqdqwdqqdqwdqqdqwdqqdqwdqqdqwdqqdqwdqqdqwdqqdqwdqqdqwdqqdqwdqqdqwdqqdqwdqqdqwdqqdqwdqqdqwdqqdqwdqqdqwdqqdqwdqqdqwdq qdqwdq qdqwdq qdqwdq qdqwdqqdqwdqqdqwdqqdqwdqqdqwdqqdqwdqqdqwdqqdqwdqqdqwdqqdqwdqqdqwdqqdqwdqqdqwdqqdqwdqqdqwdqqdqwdqqdqwdqqdqwdqqdqwdqqdqwdq qdqwdq qdqwdq qdqwdq qdqwdqqdqwdqqdqwdqqdqwdqqdqwdqqdqwdqqdqwdqqdqwdqqdqwdqqdqwdqqdqwdqqdqwdqqdqwdqqdqwdqqdqwdqqdqwdqqdqwdqqdqwdqqdqwdqqdqwdq qdqwdq qdqwdq qdqwdq qdqwdqqdqwdqqdqwdqqdqwdqqdqwdqqdqwdqqdqwdqqdqwdqqdqwdqqdqwdqqdqwdqqdqwdqqdqwdqqdqwdqqdqwdqqdqwdqqdqwdqqdqwdqqdqwdqqdqwdq qdqwdq qdqwdq qdqwdq qdqwdqqdqwdqqdqwdqqdqwdqqdqwdqqdqwdqqdqwdqqdqwdqqdqwdqqdqwdqqdqwdqqdqwdqqdqwdqqdqwdqqdqwdqqdqwdqqdqwdqqdqwdqqdqwdqqdqwdq qdqwdq qdqwdq qdqwdq qdqwdqqdqwdqqdqwdqqdqwdqqdqwdqqdqwdqqdqwdqqdqwdqqdqwdqqdqwdqqdqwdqqdqwdqqdqwdqqdqwdqqdqwdqqdqwdqqdqwdqqdqwdqqdqwdqqdqwdq qdqwdq qdqwdq qdqwdq qdqwdqqdqwdqqdqwdqqdqwdqqdqwdqqdqwdqqdqwdqqdqwdqqdqwdqqdqwdqqdqwdqqdqwdqqdqwdqqdqwdqqdqwdqqdqwdqqdqwdqqdqwdqqdqwdqqdqwdq qdqwdq qdqwdq qdqwdq qdqwdqqdqwdqqdqwdqqdqwdqqdqwdqqdqwdqqdqwdqqdqwdqqdqwdqqdqwdqqdqwdqqdqwdqqdqwdqqdqwdqqdqwdqqdqwdqqdqwdqqdqwdqqdqwdqqdqwdq qdqwdq qdqwdq qdqwdqqdqwdqqdqwdqqdqwdqqdqwdqqdqwdqqdqwdqqdqwdqqdqwdqqdqwdqqdqwdqqdqwdqqdqwdqqdqwdqqdqwdqqdqwdqqdqwdqqdqwdqqdqwdqqdqwdqqdqwdq qdqwdq qdqwdq qdqwdq qdqwdqqdqwdqqdqwdqqdqwdqqdqwdqqdqwdqqdqwdqqdqwdqqdqwdqqdqwdqqdqwdqqdqwdqqdqwdqqdqwdqqdqwdqqdqwdqqdqwdqqdqwdqqdqwdqqdqwdq qdqwdq qdqwdq qdqwdq qdqwdqqdqwdqqdqwdqqdqwdqqdqwdqqdqwdqqdqwdqqdqwdqqdqwdqqdqwdqqdqwdqqdqwdqqdqwdqqdqwdqqdqwdqqdqwdqqdqwdqqdqwdqqdqwdqqdqwdq qdqwdq qdqwdq qdqwdq qdqwdqqdqwdqqdqwdqqdqwdqqdqwdqqdqwdqqdqwdqqdqwdqqdqwdqqdqwdqqdqwdqqdqwdqqdqwdqqdqwdqqdqwdqqdqwdqqdqwdqqdqwdqqdqwdqqdqwdq qdqwdq qdqwdq qdqwdqqdqwdqqdqwdqqdqwdqqdqwdqqdqwdqqdqwdqqdqwdqqdqwdqqdqwdqqdqwdqqdqwdqqdqwdqqdqwdqqdqwdqqdqwdqqdqwdqqdqwdqqdqwdqqdqwdqqdqwdq qdqwdq qdqwdq qdqwdq qdqwdqqdqwdqqdqwdqqdqwdqqdqwdqqdqwdqqdqwdqqdqwdqqdqwdqqdqwdqqdqwdqqdqwdqqdqwdqqdqwdqqdqwdqqdqwdqqdqwdqqdqwdqqdqwdqqdqwdq qdqwdq qdqwdq qdqwdq qdqwdqqdqwdqqdqwdqqdqwdqqdqwdqqdqwdqqdqwdqqdqwdqqdqwdqqdqwdqqdqwdqqdqwdqqdqwdqqdqwdqqdqwdqqdqwdqqdqwdqqdqwdqqdqwdqqdqwdq qdqwdq qdqwdq qdqwdq qdqwdqqdqwdqqdqwdqqdqwdqqdqwdqqdqwdqqdqwdqqdqwdqqdqwdqqdqwdqqdqwdqqdqwdqqdqwdqqdqwdqqdqwdqqdqwdqqdqwdqqdqwdqqdqwdqqdqwdq qdqwdq qdqwdq qdqwdqqdqwdqqdqwdqqdqwdqqdqwdqqdqwdqqdqwdqqdqwdqqdqwdqqdqwdqqdqwdqqdqwdqqdqwdqqdqwdqqdqwdqqdqwdqqdqwdqqdqwdqqdqwdqqdqwdqqdqwdq qdqwdq qdqwdq qdqwdq qdqwdqqdqwdqqdqwdqqdqwdqqdqwdqqdqwdqqdqwdqqdqwdqqdqwdqqdqwdqqdqwdqqdqwdqqdqwdqqdqwdqqdqwdqqdqwdqqdqwdqqdqwdqqdqwdqqdqwdq qdqwdq qdqwdq qdqwdq qdqwdqqdqwdqqdqwdqqdqwdqqdqwdqqdqwdqqdqwdqqdqwdqqdqwdqqdqwdqqdqwdqqdqwdqqdqwdqqdqwdqqdqwdqqdqwdqqdqwdqqdqwdqqdqwdqqdqwdq qdqwdq qdqwdq qdqwdq qdqwdqqdqwdqqdqwdqqdqwdqqdqwdqqdqwdqqdqwdqqdqwdqqdqwdqqdqwdqqdqwdqqdqwdqqdqwdqqdqwdqqdqwdqqdqwdqqdqwdqqdqwdqqdqwdqqdqwdq qdqwdq qdqwdq qdqwdqqdqwdqqdqwdqqdqwdqqdqwdqqdqwdqqdqwdqqdqwdqqdqwdqqdqwdqqdqwdqqdqwdqqdqwdqqdqwdqqdqwdqqdqwdqqdqwdqqdqwdqqdqwdqqdqwdqqdqwdq qdqwdq qdqwdq qdqwdq qdqwdqqdqwdqqdqwdqqdqwdqqdqwdqqdqwdqqdqwdqqdqwdqqdqwdqqdqwdqqdqwdqqdqwdqqdqwdqqdqwdqqdqwdqqdqwdqqdqwdqqdqwdqqdqwdqqdqwdq qdqwdq qdqwdq qdqwdq qdqwdqqdqwdqqdqwdqqdqwdqqdqwdqqdqwdqqdqwdqqdqwdqqdqwdqqdqwdqqdqwdqqdqwdqqdqwdqqdqwdqqdqwdqqdqwdqqdqwdqqdqwdqqdqwdqqdqwdq qdqwdq qdqwdq qdqwdq qdqwdqqdqwdqqdqwdqqdqwdqqdqwdqqdqwdqqdqwdqqdqwdqqdqwdqqdqwdqqdqwdqqdqwdqqdqwdqqdqwdqqdqwdqqdqwdqqdqwdqqdqwdqqdqwdqqdqwdq qdqwdq qdqwdq qdqwdqqdqwdqqdqwdqqdqwdqqdqwdqqdqwdqqdqwdqqdqwdqqdqwdqqdqwdqqdqwdqqdqwdqqdqwdqqdqwdqqdqwdqqdqwdqqdqwdqqdqwdqqdqwdqqdqwdqqdqwdq qdqwdq qdqwdq qdqwdq qdqwdqqdqwdqqdqwdqqdqwdqqdqwdqqdqwdqqdqwdqqdqwdqqdqwdqqdqwdqqdqwdqqdqwdqqdqwdqqdqwdqqdqwdqqdqwdqqdqwdqqdqwdqqdqwdqqdqwdq qdqwdq qdqwdq qdqwdq qdqwdqqdqwdqqdqwdqqdqwdqqdqwdqqdqwdqqdqwdqqdqwdqqdqwdqqdqwdqqdqwdqqdqwdqqdqwdqqdqwdqqdqwdqqdqwdqqdqwdqqdqwdqqdqwdqqdqwdq qdqwdq qdqwdq qdqwdq qdqwdqqdqwdqqdqwdqqdqwdqqdqwdqqdqwdqqdqwdqqdqwdqqdqwdqqdqwdqqdqwdqqdqwdqqdqwdqqdqwdqqdqwdqqdqwdqqdqwdqqdqwdqqdqwdqqdqwdq qdqwdq qdqwdq qdqwdqqdqwdqqdqwdqqdqwdqqdqwdqqdqwdqqdqwdqqdqwdqqdqwdqqdqwdqqdqwdqqdqwdqqdqwdqqdqwdqqdqwdqqdqwdqqdqwdqqdqwdqqdqwdqqdqwdqqdqwdq qdqwdq qdqwdq qdqwdq qdqwdqqdqwdqqdqwdqqdqwdqqdqwdqqdqwdqqdqwdqqdqwdqqdqwdqqdqwdqqdqwdqqdqwdqqdqwdqqdqwdqqdqwdqqdqwdqqdqwdqqdqwdqqdqwdqqdqwdq qdqwdq qdqwdq qdqwdq qdqwdqqdqwdqqdqwdqqdqwdqqdqwdqqdqwdqqdqwdqqdqwdqqdqwdqqdqwdqqdqwdqqdqwdqqdqwdqqdqwdqqdqwdqqdqwdqqdqwdqqdqwdqqdqwdqqdqwdq qdqwdq qdqwdq qdqwdq qdqwdqqdqwdqqdqwdqqdqwdqqdqwdqqdqwdqqdqwdqqdqwdqqdqwdqqdqwdqqdqwdqqdqwdqqdqwdqqdqwdqqdqwdqqdqwdqqdqwdqqdqwdqqdqwdqqdqwdq qdqwdq qdqwdq qdqwdq\n\nqdqwdqqdqwdqqdqwdqqdqwdqqdqwdqqdqwdqqdqwdqqdqwdqqdqwdqqdqwdqqdqwdqqdqwdqqdqwdqqdqwdqqdqwdqqdqwdqqdqwdqqdqwdqqdqwdqqdqwdq qdqwdq qdqwdq qdqwdq qdqwdqqdqwdqqdqwdqqdqwdqqdqwdqqdqwdqqdqwdqqdqwdqqdqwdqqdqwdqqdqwdqqdqwdqqdqwdqqdqwdqqdqwdqqdqwdqqdqwdqqdqwdqqdqwdqqdqwdq qdqwdq qdqwdq qdqwdq qdqwdqqdqwdqqdqwdqqdqwdqqdqwdqqdqwdqqdqwdqqdqwdqqdqwdqqdqwdqqdqwdqqdqwdqqdqwdqqdqwdqqdqwdqqdqwdqqdqwdqqdqwdqqdqwdqqdqwdq qdqwdq qdqwdq qdqwdq qdqwdqqdqwdqqdqwdqqdqwdqqdqwdqqdqwdqqdqwdqqdqwdqqdqwdqqdqwdqqdqwdqqdqwdqqdqwdqqdqwdqqdqwdqqdqwdqqdqwdqqdqwdqqdqwdqqdqwdq qdqwdq qdqwdq qdqwdq qdqwdqqdqwdqqdqwdqqdqwdqqdqwdqqdqwdqqdqwdqqdqwdqqdqwdqqdqwdqqdqwdqqdqwdqqdqwdqqdqwdqqdqwdqqdqwdqqdqwdqqdqwdqqdqwdqqdqwdq qdqwdq qdqwdq qdqwdq qdqwdqqdqwdqqdqwdqqdqwdqqdqwdqqdqwdqqdqwdqqdqwdqqdqwdqqdqwdqqdqwdqqdqwdqqdqwdqqdqwdqqdqwdqqdqwdqqdqwdqqdqwdqqdqwdqqdqwdq qdqwdq qdqwdq qdqwdq qdqwdqqdqwdqqdqwdqqdqwdqqdqwdqqdqwdqqdqwdqqdqwdqqdqwdqqdqwdqqdqwdqqdqwdqqdqwdqqdqwdqqdqwdqqdqwdqqdqwdqqdqwdqqdqwdqqdqwdq qdqwdq qdqwdq qdqwdq qdqwdqqdqwdqqdqwdqqdqwdqqdqwdqqdqwdqqdqwdqqdqwdqqdqwdqqdqwdqqdqwdqqdqwdqqdqwdqqdqwdqqdqwdqqdqwdqqdqwdqqdqwdqqdqwdqqdqwdq qdqwdq qdqwdq qdqwdqqdqwdqqdqwdqqdqwdqqdqwdqqdqwdqqdqwdqqdqwdqqdqwdqqdqwdqqdqwdqqdqwdqqdqwdqqdqwdqqdqwdqqdqwdqqdqwdqqdqwdqqdqwdqqdqwdqqdqwdq qdqwdq qdqwdq qdqwdq qdqwdqqdqwdqqdqwdqqdqwdqqdqwdqqdqwdqqdqwdqqdqwdqqdqwdqqdqwdqqdqwdqqdqwdqqdqwdqqdqwdqqdqwdqqdqwdqqdqwdqqdqwdqqdqwdqqdqwdq qdqwdq qdqwdq qdqwdq qdqwdqqdqwdqqdqwdqqdqwdqqdqwdqqdqwdqqdqwdqqdqwdqqdqwdqqdqwdqqdqwdqqdqwdqqdqwdqqdqwdqqdqwdqqdqwdqqdqwdqqdqwdqqdqwdqqdqwdq qdqwdq qdqwdq qdqwdq qdqwdqqdqwdqqdqwdqqdqwdqqdqwdqqdqwdqqdqwdqqdqwdqqdqwdqqdqwdqqdqwdqqdqwdqqdqwdqqdqwdqqdqwdqqdqwdqqdqwdqqdqwdqqdqwdqqdqwdq qdqwdq qdqwdq qdqwdqqdqwdqqdqwdqqdqwdqqdqwdqqdqwdqqdqwdqqdqwdqqdqwdqqdqwdqqdqwdqqdqwdqqdqwdqqdqwdqqdqwdqqdqwdqqdqwdqqdqwdqqdqwdqqdqwdqqdqwdq qdqwdq qdqwdq qdqwdq qdqwdqqdqwdqqdqwdqqdqwdqqdqwdqqdqwdqqdqwdqqdqwdqqdqwdqqdqwdqqdqwdqqdqwdqqdqwdqqdqwdqqdqwdqqdqwdqqdqwdqqdqwdqqdqwdqqdqwdq qdqwdq qdqwdq qdqwdq qdqwdqqdqwdqqdqwdqqdqwdqqdqwdqqdqwdqqdqwdqqdqwdqqdqwdqqdqwdqqdqwdqqdqwdqqdqwdqqdqwdqqdqwdqqdqwdqqdqwdqqdqwdqqdqwdqqdqwdq qdqwdq qdqwdq qdqwdq qdqwdqqdqwdqqdqwdqqdqwdqqdqwdqqdqwdqqdqwdqqdqwdqqdqwdqqdqwdqqdqwdqqdqwdqqdqwdqqdqwdqqdqwdqqdqwdqqdqwdqqdqwdqqdqwdqqdqwdq qdqwdq qdqwdq qdqwdqqdqwdqqdqwdqqdqwdqqdqwdqqdqwdqqdqwdqqdqwdqqdqwdqqdqwdqqdqwdqqdqwdqqdqwdqqdqwdqqdqwdqqdqwdqqdqwdqqdqwdqqdqwdqqdqwdqqdqwdq qdqwdq qdqwdq qdqwdq qdqwdqqdqwdqqdqwdqqdqwdqqdqwdqqdqwdqqdqwdqqdqwdqqdqwdqqdqwdqqdqwdqqdqwdqqdqwdqqdqwdqqdqwdqqdqwdqqdqwdqqdqwdqqdqwdqqdqwdq qdqwdq qdqwdq qdqwdq qdqwdqqdqwdqqdqwdqqdqwdqqdqwdqqdqwdqqdqwdqqdqwdqqdqwdqqdqwdqqdqwdqqdqwdqqdqwdqqdqwdqqdqwdqqdqwdqqdqwdqqdqwdqqdqwdqqdqwdq qdqwdq qdqwdq qdqwdq qdqwdqqdqwdqqdqwdqqdqwdqqdqwdqqdqwdqqdqwdqqdqwdqqdqwdqqdqwdqqdqwdqqdqwdqqdqwdqqdqwdqqdqwdqqdqwdqqdqwdqqdqwdqqdqwdqqdqwdq qdqwdq qdqwdq qdqwdqqdqwdqqdqwdqqdqwdqqdqwdqqdqwdqqdqwdqqdqwdqqdqwdqqdqwdqqdqwdqqdqwdqqdqwdqqdqwdqqdqwdqqdqwdqqdqwdqqdqwdqqdqwdqqdqwdqqdqwdq qdqwdq qdqwdq qdqwdq qdqwdqqdqwdqqdqwdqqdqwdqqdqwdqqdqwdqqdqwdqqdqwdqqdqwdqqdqwdqqdqwdqqdqwdqqdqwdqqdqwdqqdqwdqqdqwdqqdqwdqqdqwdqqdqwdqqdqwdq qdqwdq qdqwdq qdqwdq qdqwdqqdqwdqqdqwdqqdqwdqqdqwdqqdqwdqqdqwdqqdqwdqqdqwdqqdqwdqqdqwdqqdqwdqqdqwdqqdqwdqqdqwdqqdqwdqqdqwdqqdqwdqqdqwdqqdqwdq qdqwdq qdqwdq qdqwdq qdqwdqqdqwdqqdqwdqqdqwdqqdqwdqqdqwdqqdqwdqqdqwdqqdqwdqqdqwdqqdqwdqqdqwdqqdqwdqqdqwdqqdqwdqqdqwdqqdqwdqqdqwdqqdqwdqqdqwdq qdqwdq qdqwdq qdqwdqqdqwdqqdqwdqqdqwdqqdqwdqqdqwdqqdqwdqqdqwdqqdqwdqqdqwdqqdqwdqqdqwdqqdqwdqqdqwdqqdqwdqqdqwdqqdqwdqqdqwdqqdqwdqqdqwdqqdqwdq qdqwdq qdqwdq qdqwdq qdqwdqqdqwdqqdqwdqqdqwdqqdqwdqqdqwdqqdqwdqqdqwdqqdqwdqqdqwdqqdqwdqqdqwdqqdqwdqqdqwdqqdqwdqqdqwdqqdqwdqqdqwdqqdqwdqqdqwdq qdqwdq qdqwdq qdqwdq qdqwdqqdqwdqqdqwdqqdqwdqqdqwdqqdqwdqqdqwdqqdqwdqqdqwdqqdqwdqqdqwdqqdqwdqqdqwdqqdqwdqqdqwdqqdqwdqqdqwdqqdqwdqqdqwdqqdqwdq qdqwdq qdqwdq qdqwdq qdqwdqqdqwdqqdqwdqqdqwdqqdqwdqqdqwdqqdqwdqqdqwdqqdqwdqqdqwdqqdqwdqqdqwdqqdqwdqqdqwdqqdqwdqqdqwdqqdqwdqqdqwdqqdqwdqqdqwdq qdqwdq qdqwdq qdqwdqqdqwdqqdqwdqqdqwdqqdqwdqqdqwdqqdqwdqqdqwdqqdqwdqqdqwdqqdqwdqqdqwdqqdqwdqqdqwdqqdqwdqqdqwdqqdqwdqqdqwdqqdqwdqqdqwdqqdqwdq qdqwdq qdqwdq qdqwdq qdqwdqqdqwdqqdqwdqqdqwdqqdqwdqqdqwdqqdqwdqqdqwdqqdqwdqqdqwdqqdqwdqqdqwdqqdqwdqqdqwdqqdqwdqqdqwdqqdqwdqqdqwdqqdqwdqqdqwdq qdqwdq qdqwdq qdqwdq qdqwdqqdqwdqqdqwdqqdqwdqqdqwdqqdqwdqqdqwdqqdqwdqqdqwdqqdqwdqqdqwdqqdqwdqqdqwdqqdqwdqqdqwdqqdqwdqqdqwdqqdqwdqqdqwdqqdqwdq qdqwdq qdqwdq qdqwdq qdqwdqqdqwdqqdqwdqqdqwdqqdqwdqqdqwdqqdqwdqqdqwdqqdqwdqqdqwdqqdqwdqqdqwdqqdqwdqqdqwdqqdqwdqqdqwdqqdqwdqqdqwdqqdqwdqqdqwdq qdqwdq qdqwdq qdqwdq\n\nqdqwdqqdqwdqqdqwdqqdqwdqqdqwdqqdqwdqqdqwdqqdqwdqqdqwdqqdqwdqqdqwdqqdqwdqqdqwdqqdqwdqqdqwdqqdqwdqqdqwdqqdqwdqqdqwdqqdqwdq qdqwdq qdqwdq qdqwdq qdqwdqqdqwdqqdqwdqqdqwdqqdqwdqqdqwdqqdqwdqqdqwdqqdqwdqqdqwdqqdqwdqqdqwdqqdqwdqqdqwdqqdqwdqqdqwdqqdqwdqqdqwdqqdqwdqqdqwdq qdqwdq qdqwdq qdqwdq qdqwdqqdqwdqqdqwdqqdqwdqqdqwdqqdqwdqqdqwdqqdqwdqqdqwdqqdqwdqqdqwdqqdqwdqqdqwdqqdqwdqqdqwdqqdqwdqqdqwdqqdqwdqqdqwdqqdqwdq qdqwdq qdqwdq qdqwdq qdqwdqqdqwdqqdqwdqqdqwdqqdqwdqqdqwdqqdqwdqqdqwdqqdqwdqqdqwdqqdqwdqqdqwdqqdqwdqqdqwdqqdqwdqqdqwdqqdqwdqqdqwdqqdqwdqqdqwdq qdqwdq qdqwdq qdqwdq qdqwdqqdqwdqqdqwdqqdqwdqqdqwdqqdqwdqqdqwdqqdqwdqqdqwdqqdqwdqqdqwdqqdqwdqqdqwdqqdqwdqqdqwdqqdqwdqqdqwdqqdqwdqqdqwdqqdqwdq qdqwdq qdqwdq qdqwdq qdqwdqqdqwdqqdqwdqqdqwdqqdqwdqqdqwdqqdqwdqqdqwdqqdqwdqqdqwdqqdqwdqqdqwdqqdqwdqqdqwdqqdqwdqqdqwdqqdqwdqqdqwdqqdqwdqqdqwdq qdqwdq qdqwdq qdqwdq qdqwdqqdqwdqqdqwdqqdqwdqqdqwdqqdqwdqqdqwdqqdqwdqqdqwdqqdqwdqqdqwdqqdqwdqqdqwdqqdqwdqqdqwdqqdqwdqqdqwdqqdqwdqqdqwdqqdqwdq qdqwdq qdqwdq qdqwdq qdqwdqqdqwdqqdqwdqqdqwdqqdqwdqqdqwdqqdqwdqqdqwdqqdqwdqqdqwdqqdqwdqqdqwdqqdqwdqqdqwdqqdqwdqqdqwdqqdqwdqqdqwdqqdqwdqqdqwdq qdqwdq qdqwdq qdqwdqqdqwdqqdqwdqqdqwdqqdqwdqqdqwdqqdqwdqqdqwdqqdqwdqqdqwdqqdqwdqqdqwdqqdqwdqqdqwdqqdqwdqqdqwdqqdqwdqqdqwdqqdqwdqqdqwdqqdqwdq qdqwdq qdqwdq qdqwdq qdqwdqqdqwdqqdqwdqqdqwdqqdqwdqqdqwdqqdqwdqqdqwdqqdqwdqqdqwdqqdqwdqqdqwdqqdqwdqqdqwdqqdqwdqqdqwdqqdqwdqqdqwdqqdqwdqqdqwdq qdqwdq qdqwdq qdqwdq qdqwdqqdqwdqqdqwdqqdqwdqqdqwdqqdqwdqqdqwdqqdqwdqqdqwdqqdqwdqqdqwdqqdqwdqqdqwdqqdqwdqqdqwdqqdqwdqqdqwdqqdqwdqqdqwdqqdqwdq qdqwdq qdqwdq qdqwdq qdqwdqqdqwdqqdqwdqqdqwdqqdqwdqqdqwdqqdqwdqqdqwdqqdqwdqqdqwdqqdqwdqqdqwdqqdqwdqqdqwdqqdqwdqqdqwdqqdqwdqqdqwdqqdqwdqqdqwdq qdqwdq qdqwdq qdqwdqqdqwdqqdqwdqqdqwdqqdqwdqqdqwdqqdqwdqqdqwdqqdqwdqqdqwdqqdqwdqqdqwdqqdqwdqqdqwdqqdqwdqqdqwdqqdqwdqqdqwdqqdqwdqqdqwdqqdqwdq qdqwdq qdqwdq qdqwdq qdqwdqqdqwdqqdqwdqqdqwdqqdqwdqqdqwdqqdqwdqqdqwdqqdqwdqqdqwdqqdqwdqqdqwdqqdqwdqqdqwdqqdqwdqqdqwdqqdqwdqqdqwdqqdqwdqqdqwdq qdqwdq qdqwdq qdqwdq qdqwdqqdqwdqqdqwdqqdqwdqqdqwdqqdqwdqqdqwdqqdqwdqqdqwdqqdqwdqqdqwdqqdqwdqqdqwdqqdqwdqqdqwdqqdqwdqqdqwdqqdqwdqqdqwdqqdqwdq qdqwdq qdqwdq qdqwdq qdqwdqqdqwdqqdqwdqqdqwdqqdqwdqqdqwdqqdqwdqqdqwdqqdqwdqqdqwdqqdqwdqqdqwdqqdqwdqqdqwdqqdqwdqqdqwdqqdqwdqqdqwdqqdqwdqqdqwdq qdqwdq qdqwdq qdqwdqqdqwdqqdqwdqqdqwdqqdqwdqqdqwdqqdqwdqqdqwdqqdqwdqqdqwdqqdqwdqqdqwdqqdqwdqqdqwdqqdqwdqqdqwdqqdqwdqqdqwdqqdqwdqqdqwdqqdqwdq qdqwdq qdqwdq qdqwdq qdqwdqqdqwdqqdqwdqqdqwdqqdqwdqqdqwdqqdqwdqqdqwdqqdqwdqqdqwdqqdqwdqqdqwdqqdqwdqqdqwdqqdqwdqqdqwdqqdqwdqqdqwdqqdqwdqqdqwdq qdqwdq qdqwdq qdqwdq qdqwdqqdqwdqqdqwdqqdqwdqqdqwdqqdqwdqqdqwdqqdqwdqqdqwdqqdqwdqqdqwdqqdqwdqqdqwdqqdqwdqqdqwdqqdqwdqqdqwdqqdqwdqqdqwdqqdqwdq qdqwdq qdqwdq qdqwdq qdqwdqqdqwdqqdqwdqqdqwdqqdqwdqqdqwdqqdqwdqqdqwdqqdqwdqqdqwdqqdqwdqqdqwdqqdqwdqqdqwdqqdqwdqqdqwdqqdqwdqqdqwdqqdqwdqqdqwdq qdqwdq qdqwdq qdqwdqqdqwdqqdqwdqqdqwdqqdqwdqqdqwdqqdqwdqqdqwdqqdqwdqqdqwdqqdqwdqqdqwdqqdqwdqqdqwdqqdqwdqqdqwdqqdqwdqqdqwdqqdqwdqqdqwdqqdqwdq qdqwdq qdqwdq qdqwdq qdqwdqqdqwdqqdqwdqqdqwdqqdqwdqqdqwdqqdqwdqqdqwdqqdqwdqqdqwdqqdqwdqqdqwdqqdqwdqqdqwdqqdqwdqqdqwdqqdqwdqqdqwdqqdqwdqqdqwdq qdqwdq qdqwdq qdqwdq qdqwdqqdqwdqqdqwdqqdqwdqqdqwdqqdqwdqqdqwdqqdqwdqqdqwdqqdqwdqqdqwdqqdqwdqqdqwdqqdqwdqqdqwdqqdqwdqqdqwdqqdqwdqqdqwdqqdqwdq qdqwdq qdqwdq qdqwdq qdqwdqqdqwdqqdqwdqqdqwdqqdqwdqqdqwdqqdqwdqqdqwdqqdqwdqqdqwdqqdqwdqqdqwdqqdqwdqqdqwdqqdqwdqqdqwdqqdqwdqqdqwdqqdqwdqqdqwdq qdqwdq qdqwdq qdqwdqqdqwdqqdqwdqqdqwdqqdqwdqqdqwdqqdqwdqqdqwdqqdqwdqqdqwdqqdqwdqqdqwdqqdqwdqqdqwdqqdqwdqqdqwdqqdqwdqqdqwdqqdqwdqqdqwdqqdqwdq qdqwdq qdqwdq qdqwdq qdqwdqqdqwdqqdqwdqqdqwdqqdqwdqqdqwdqqdqwdqqdqwdqqdqwdqqdqwdqqdqwdqqdqwdqqdqwdqqdqwdqqdqwdqqdqwdqqdqwdqqdqwdqqdqwdqqdqwdq qdqwdq qdqwdq qdqwdq qdqwdqqdqwdqqdqwdqqdqwdqqdqwdqqdqwdqqdqwdqqdqwdqqdqwdqqdqwdqqdqwdqqdqwdqqdqwdqqdqwdqqdqwdqqdqwdqqdqwdqqdqwdqqdqwdqqdqwdq qdqwdq qdqwdq qdqwdq qdqwdqqdqwdqqdqwdqqdqwdqqdqwdqqdqwdqqdqwdqqdqwdqqdqwdqqdqwdqqdqwdqqdqwdqqdqwdqqdqwdqqdqwdqqdqwdqqdqwdqqdqwdqqdqwdqqdqwdq qdqwdq qdqwdq qdqwdqqdqwdqqdqwdqqdqwdqqdqwdqqdqwdqqdqwdqqdqwdqqdqwdqqdqwdqqdqwdqqdqwdqqdqwdqqdqwdqqdqwdqqdqwdqqdqwdqqdqwdqqdqwdqqdqwdqqdqwdq qdqwdq qdqwdq qdqwdq qdqwdqqdqwdqqdqwdqqdqwdqqdqwdqqdqwdqqdqwdqqdqwdqqdqwdqqdqwdqqdqwdqqdqwdqqdqwdqqdqwdqqdqwdqqdqwdqqdqwdqqdqwdqqdqwdqqdqwdq qdqwdq qdqwdq qdqwdq qdqwdqqdqwdqqdqwdqqdqwdqqdqwdqqdqwdqqdqwdqqdqwdqqdqwdqqdqwdqqdqwdqqdqwdqqdqwdqqdqwdqqdqwdqqdqwdqqdqwdqqdqwdqqdqwdqqdqwdq qdqwdq qdqwdq qdqwdq qdqwdqqdqwdqqdqwdqqdqwdqqdqwdqqdqwdqqdqwdqqdqwdqqdqwdqqdqwdqqdqwdqqdqwdqqdqwdqqdqwdqqdqwdqqdqwdqqdqwdqqdqwdqqdqwdqqdqwdq qdqwdq qdqwdq qdqwdq\n\nqdqwdqqdqwdqqdqwdqqdqwdqqdqwdqqdqwdqqdqwdqqdqwdqqdqwdqqdqwdqqdqwdqqdqwdqqdqwdqqdqwdqqdqwdqqdqwdqqdqwdqqdqwdqqdqwdqqdqwdq qdqwdq qdqwdq qdqwdq qdqwdqqdqwdqqdqwdqqdqwdqqdqwdqqdqwdqqdqwdqqdqwdqqdqwdqqdqwdqqdqwdqqdqwdqqdqwdqqdqwdqqdqwdqqdqwdqqdqwdqqdqwdqqdqwdqqdqwdq qdqwdq qdqwdq qdqwdq qdqwdqqdqwdqqdqwdqqdqwdqqdqwdqqdqwdqqdqwdqqdqwdqqdqwdqqdqwdqqdqwdqqdqwdqqdqwdqqdqwdqqdqwdqqdqwdqqdqwdqqdqwdqqdqwdqqdqwdq qdqwdq qdqwdq qdqwdq qdqwdqqdqwdqqdqwdqqdqwdqqdqwdqqdqwdqqdqwdqqdqwdqqdqwdqqdqwdqqdqwdqqdqwdqqdqwdqqdqwdqqdqwdqqdqwdqqdqwdqqdqwdqqdqwdqqdqwdq qdqwdq qdqwdq qdqwdq qdqwdqqdqwdqqdqwdqqdqwdqqdqwdqqdqwdqqdqwdqqdqwdqqdqwdqqdqwdqqdqwdqqdqwdqqdqwdqqdqwdqqdqwdqqdqwdqqdqwdqqdqwdqqdqwdqqdqwdq qdqwdq qdqwdq qdqwdq qdqwdqqdqwdqqdqwdqqdqwdqqdqwdqqdqwdqqdqwdqqdqwdqqdqwdqqdqwdqqdqwdqqdqwdqqdqwdqqdqwdqqdqwdqqdqwdqqdqwdqqdqwdqqdqwdqqdqwdq qdqwdq qdqwdq qdqwdq qdqwdqqdqwdqqdqwdqqdqwdqqdqwdqqdqwdqqdqwdqqdqwdqqdqwdqqdqwdqqdqwdqqdqwdqqdqwdqqdqwdqqdqwdqqdqwdqqdqwdqqdqwdqqdqwdqqdqwdq qdqwdq qdqwdq qdqwdq qdqwdqqdqwdqqdqwdqqdqwdqqdqwdqqdqwdqqdqwdqqdqwdqqdqwdqqdqwdqqdqwdqqdqwdqqdqwdqqdqwdqqdqwdqqdqwdqqdqwdqqdqwdqqdqwdqqdqwdq qdqwdq qdqwdq qdqwdqqdqwdqqdqwdqqdqwdqqdqwdqqdqwdqqdqwdqqdqwdqqdqwdqqdqwdqqdqwdqqdqwdqqdqwdqqdqwdqqdqwdqqdqwdqqdqwdqqdqwdqqdqwdqqdqwdqqdqwdq qdqwdq qdqwdq qdqwdq qdqwdqqdqwdqqdqwdqqdqwdqqdqwdqqdqwdqqdqwdqqdqwdqqdqwdqqdqwdqqdqwdqqdqwdqqdqwdqqdqwdqqdqwdqqdqwdqqdqwdqqdqwdqqdqwdqqdqwdq qdqwdq qdqwdq qdqwdq qdqwdqqdqwdqqdqwdqqdqwdqqdqwdqqdqwdqqdqwdqqdqwdqqdqwdqqdqwdqqdqwdqqdqwdqqdqwdqqdqwdqqdqwdqqdqwdqqdqwdqqdqwdqqdqwdqqdqwdq qdqwdq qdqwdq qdqwdq qdqwdqqdqwdqqdqwdqqdqwdqqdqwdqqdqwdqqdqwdqqdqwdqqdqwdqqdqwdqqdqwdqqdqwdqqdqwdqqdqwdqqdqwdqqdqwdqqdqwdqqdqwdqqdqwdqqdqwdq qdqwdq qdqwdq qdqwdqqdqwdqqdqwdqqdqwdqqdqwdqqdqwdqqdqwdqqdqwdqqdqwdqqdqwdqqdqwdqqdqwdqqdqwdqqdqwdqqdqwdqqdqwdqqdqwdqqdqwdqqdqwdqqdqwdqqdqwdq qdqwdq qdqwdq qdqwdq qdqwdqqdqwdqqdqwdqqdqwdqqdqwdqqdqwdqqdqwdqqdqwdqqdqwdqqdqwdqqdqwdqqdqwdqqdqwdqqdqwdqqdqwdqqdqwdqqdqwdqqdqwdqqdqwdqqdqwdq qdqwdq qdqwdq qdqwdq qdqwdqqdqwdqqdqwdqqdqwdqqdqwdqqdqwdqqdqwdqqdqwdqqdqwdqqdqwdqqdqwdqqdqwdqqdqwdqqdqwdqqdqwdqqdqwdqqdqwdqqdqwdqqdqwdqqdqwdq qdqwdq qdqwdq qdqwdq qdqwdqqdqwdqqdqwdqqdqwdqqdqwdqqdqwdqqdqwdqqdqwdqqdqwdqqdqwdqqdqwdqqdqwdqqdqwdqqdqwdqqdqwdqqdqwdqqdqwdqqdqwdqqdqwdqqdqwdq qdqwdq qdqwdq qdqwdqqdqwdqqdqwdqqdqwdqqdqwdqqdqwdqqdqwdqqdqwdqqdqwdqqdqwdqqdqwdqqdqwdqqdqwdqqdqwdqqdqwdqqdqwdqqdqwdqqdqwdqqdqwdqqdqwdqqdqwdq qdqwdq qdqwdq qdqwdq qdqwdqqdqwdqqdqwdqqdqwdqqdqwdqqdqwdqqdqwdqqdqwdqqdqwdqqdqwdqqdqwdqqdqwdqqdqwdqqdqwdqqdqwdqqdqwdqqdqwdqqdqwdqqdqwdqqdqwdq qdqwdq qdqwdq qdqwdq qdqwdqqdqwdqqdqwdqqdqwdqqdqwdqqdqwdqqdqwdqqdqwdqqdqwdqqdqwdqqdqwdqqdqwdqqdqwdqqdqwdqqdqwdqqdqwdqqdqwdqqdqwdqqdqwdqqdqwdq qdqwdq qdqwdq qdqwdq qdqwdqqdqwdqqdqwdqqdqwdqqdqwdqqdqwdqqdqwdqqdqwdqqdqwdqqdqwdqqdqwdqqdqwdqqdqwdqqdqwdqqdqwdqqdqwdqqdqwdqqdqwdqqdqwdqqdqwdq qdqwdq qdqwdq qdqwdqqdqwdqqdqwdqqdqwdqqdqwdqqdqwdqqdqwdqqdqwdqqdqwdqqdqwdqqdqwdqqdqwdqqdqwdqqdqwdqqdqwdqqdqwdqqdqwdqqdqwdqqdqwdqqdqwdqqdqwdq qdqwdq qdqwdq qdqwdq qdqwdqqdqwdqqdqwdqqdqwdqqdqwdqqdqwdqqdqwdqqdqwdqqdqwdqqdqwdqqdqwdqqdqwdqqdqwdqqdqwdqqdqwdqqdqwdqqdqwdqqdqwdqqdqwdqqdqwdq qdqwdq qdqwdq qdqwdq qdqwdqqdqwdqqdqwdqqdqwdqqdqwdqqdqwdqqdqwdqqdqwdqqdqwdqqdqwdqqdqwdqqdqwdqqdqwdqqdqwdqqdqwdqqdqwdqqdqwdqqdqwdqqdqwdqqdqwdq qdqwdq qdqwdq qdqwdq qdqwdqqdqwdqqdqwdqqdqwdqqdqwdqqdqwdqqdqwdqqdqwdqqdqwdqqdqwdqqdqwdqqdqwdqqdqwdqqdqwdqqdqwdqqdqwdqqdqwdqqdqwdqqdqwdqqdqwdq qdqwdq qdqwdq qdqwdqqdqwdqqdqwdqqdqwdqqdqwdqqdqwdqqdqwdqqdqwdqqdqwdqqdqwdqqdqwdqqdqwdqqdqwdqqdqwdqqdqwdqqdqwdqqdqwdqqdqwdqqdqwdqqdqwdqqdqwdq qdqwdq qdqwdq qdqwdq qdqwdqqdqwdqqdqwdqqdqwdqqdqwdqqdqwdqqdqwdqqdqwdqqdqwdqqdqwdqqdqwdqqdqwdqqdqwdqqdqwdqqdqwdqqdqwdqqdqwdqqdqwdqqdqwdqqdqwdq qdqwdq qdqwdq qdqwdq qdqwdqqdqwdqqdqwdqqdqwdqqdqwdqqdqwdqqdqwdqqdqwdqqdqwdqqdqwdqqdqwdqqdqwdqqdqwdqqdqwdqqdqwdqqdqwdqqdqwdqqdqwdqqdqwdqqdqwdq qdqwdq qdqwdq qdqwdq qdqwdqqdqwdqqdqwdqqdqwdqqdqwdqqdqwdqqdqwdqqdqwdqqdqwdqqdqwdqqdqwdqqdqwdqqdqwdqqdqwdqqdqwdqqdqwdqqdqwdqqdqwdqqdqwdqqdqwdq qdqwdq qdqwdq qdqwdqqdqwdqqdqwdqqdqwdqqdqwdqqdqwdqqdqwdqqdqwdqqdqwdqqdqwdqqdqwdqqdqwdqqdqwdqqdqwdqqdqwdqqdqwdqqdqwdqqdqwdqqdqwdqqdqwdqqdqwdq qdqwdq qdqwdq qdqwdq qdqwdqqdqwdqqdqwdqqdqwdqqdqwdqqdqwdqqdqwdqqdqwdqqdqwdqqdqwdqqdqwdqqdqwdqqdqwdqqdqwdqqdqwdqqdqwdqqdqwdqqdqwdqqdqwdqqdqwdq qdqwdq qdqwdq qdqwdq qdqwdqqdqwdqqdqwdqqdqwdqqdqwdqqdqwdqqdqwdqqdqwdqqdqwdqqdqwdqqdqwdqqdqwdqqdqwdqqdqwdqqdqwdqqdqwdqqdqwdqqdqwdqqdqwdqqdqwdq qdqwdq qdqwdq qdqwdq qdqwdqqdqwdqqdqwdqqdqwdqqdqwdqqdqwdqqdqwdqqdqwdqqdqwdqqdqwdqqdqwdqqdqwdqqdqwdqqdqwdqqdqwdqqdqwdqqdqwdqqdqwdqqdqwdqqdqwdq qdqwdq qdqwdq qdqwdq\n\nqdqwdqqdqwdqqdqwdqqdqwdqqdqwdqqdqwdqqdqwdqqdqwdqqdqwdqqdqwdqqdqwdqqdqwdqqdqwdqqdqwdqqdqwdqqdqwdqqdqwdqqdqwdqqdqwdqqdqwdq qdqwdq qdqwdq qdqwdq qdqwdqqdqwdqqdqwdqqdqwdqqdqwdqqdqwdqqdqwdqqdqwdqqdqwdqqdqwdqqdqwdqqdqwdqqdqwdqqdqwdqqdqwdqqdqwdqqdqwdqqdqwdqqdqwdqqdqwdq qdqwdq qdqwdq qdqwdq qdqwdqqdqwdqqdqwdqqdqwdqqdqwdqqdqwdqqdqwdqqdqwdqqdqwdqqdqwdqqdqwdqqdqwdqqdqwdqqdqwdqqdqwdqqdqwdqqdqwdqqdqwdqqdqwdqqdqwdq qdqwdq qdqwdq qdqwdq qdqwdqqdqwdqqdqwdqqdqwdqqdqwdqqdqwdqqdqwdqqdqwdqqdqwdqqdqwdqqdqwdqqdqwdqqdqwdqqdqwdqqdqwdqqdqwdqqdqwdqqdqwdqqdqwdqqdqwdq qdqwdq qdqwdq qdqwdq qdqwdqqdqwdqqdqwdqqdqwdqqdqwdqqdqwdqqdqwdqqdqwdqqdqwdqqdqwdqqdqwdqqdqwdqqdqwdqqdqwdqqdqwdqqdqwdqqdqwdqqdqwdqqdqwdqqdqwdq qdqwdq qdqwdq qdqwdq qdqwdqqdqwdqqdqwdqqdqwdqqdqwdqqdqwdqqdqwdqqdqwdqqdqwdqqdqwdqqdqwdqqdqwdqqdqwdqqdqwdqqdqwdqqdqwdqqdqwdqqdqwdqqdqwdqqdqwdq qdqwdq qdqwdq qdqwdq qdqwdqqdqwdqqdqwdqqdqwdqqdqwdqqdqwdqqdqwdqqdqwdqqdqwdqqdqwdqqdqwdqqdqwdqqdqwdqqdqwdqqdqwdqqdqwdqqdqwdqqdqwdqqdqwdqqdqwdq qdqwdq qdqwdq qdqwdq qdqwdqqdqwdqqdqwdqqdqwdqqdqwdqqdqwdqqdqwdqqdqwdqqdqwdqqdqwdqqdqwdqqdqwdqqdqwdqqdqwdqqdqwdqqdqwdqqdqwdqqdqwdqqdqwdqqdqwdq qdqwdq qdqwdq qdqwdqqdqwdqqdqwdqqdqwdqqdqwdqqdqwdqqdqwdqqdqwdqqdqwdqqdqwdqqdqwdqqdqwdqqdqwdqqdqwdqqdqwdqqdqwdqqdqwdqqdqwdqqdqwdqqdqwdqqdqwdq qdqwdq qdqwdq qdqwdq qdqwdqqdqwdqqdqwdqqdqwdqqdqwdqqdqwdqqdqwdqqdqwdqqdqwdqqdqwdqqdqwdqqdqwdqqdqwdqqdqwdqqdqwdqqdqwdqqdqwdqqdqwdqqdqwdqqdqwdq qdqwdq qdqwdq qdqwdq qdqwdqqdqwdqqdqwdqqdqwdqqdqwdqqdqwdqqdqwdqqdqwdqqdqwdqqdqwdqqdqwdqqdqwdqqdqwdqqdqwdqqdqwdqqdqwdqqdqwdqqdqwdqqdqwdqqdqwdq qdqwdq qdqwdq qdqwdq qdqwdqqdqwdqqdqwdqqdqwdqqdqwdqqdqwdqqdqwdqqdqwdqqdqwdqqdqwdqqdqwdqqdqwdqqdqwdqqdqwdqqdqwdqqdqwdqqdqwdqqdqwdqqdqwdqqdqwdq qdqwdq qdqwdq qdqwdqqdqwdqqdqwdqqdqwdqqdqwdqqdqwdqqdqwdqqdqwdqqdqwdqqdqwdqqdqwdqqdqwdqqdqwdqqdqwdqqdqwdqqdqwdqqdqwdqqdqwdqqdqwdqqdqwdqqdqwdq qdqwdq qdqwdq qdqwdq qdqwdqqdqwdqqdqwdqqdqwdqqdqwdqqdqwdqqdqwdqqdqwdqqdqwdqqdqwdqqdqwdqqdqwdqqdqwdqqdqwdqqdqwdqqdqwdqqdqwdqqdqwdqqdqwdqqdqwdq qdqwdq qdqwdq qdqwdq qdqwdqqdqwdqqdqwdqqdqwdqqdqwdqqdqwdqqdqwdqqdqwdqqdqwdqqdqwdqqdqwdqqdqwdqqdqwdqqdqwdqqdqwdqqdqwdqqdqwdqqdqwdqqdqwdqqdqwdq qdqwdq qdqwdq qdqwdq qdqwdqqdqwdqqdqwdqqdqwdqqdqwdqqdqwdqqdqwdqqdqwdqqdqwdqqdqwdqqdqwdqqdqwdqqdqwdqqdqwdqqdqwdqqdqwdqqdqwdqqdqwdqqdqwdqqdqwdq qdqwdq qdqwdq qdqwdqqdqwdqqdqwdqqdqwdqqdqwdqqdqwdqqdqwdqqdqwdqqdqwdqqdqwdqqdqwdqqdqwdqqdqwdqqdqwdqqdqwdqqdqwdqqdqwdqqdqwdqqdqwdqqdqwdqqdqwdq qdqwdq qdqwdq qdqwdq qdqwdqqdqwdqqdqwdqqdqwdqqdqwdqqdqwdqqdqwdqqdqwdqqdqwdqqdqwdqqdqwdqqdqwdqqdqwdqqdqwdqqdqwdqqdqwdqqdqwdqqdqwdqqdqwdqqdqwdq qdqwdq qdqwdq qdqwdq qdqwdqqdqwdqqdqwdqqdqwdqqdqwdqqdqwdqqdqwdqqdqwdqqdqwdqqdqwdqqdqwdqqdqwdqqdqwdqqdqwdqqdqwdqqdqwdqqdqwdqqdqwdqqdqwdqqdqwdq qdqwdq qdqwdq qdqwdq qdqwdqqdqwdqqdqwdqqdqwdqqdqwdqqdqwdqqdqwdqqdqwdqqdqwdqqdqwdqqdqwdqqdqwdqqdqwdqqdqwdqqdqwdqqdqwdqqdqwdqqdqwdqqdqwdqqdqwdq qdqwdq qdqwdq qdqwdqqdqwdqqdqwdqqdqwdqqdqwdqqdqwdqqdqwdqqdqwdqqdqwdqqdqwdqqdqwdqqdqwdqqdqwdqqdqwdqqdqwdqqdqwdqqdqwdqqdqwdqqdqwdqqdqwdqqdqwdq qdqwdq qdqwdq qdqwdq qdqwdqqdqwdqqdqwdqqdqwdqqdqwdqqdqwdqqdqwdqqdqwdqqdqwdqqdqwdqqdqwdqqdqwdqqdqwdqqdqwdqqdqwdqqdqwdqqdqwdqqdqwdqqdqwdqqdqwdq qdqwdq qdqwdq qdqwdq qdqwdqqdqwdqqdqwdqqdqwdqqdqwdqqdqwdqqdqwdqqdqwdqqdqwdqqdqwdqqdqwdqqdqwdqqdqwdqqdqwdqqdqwdqqdqwdqqdqwdqqdqwdqqdqwdqqdqwdq qdqwdq qdqwdq qdqwdq qdqwdqqdqwdqqdqwdqqdqwdqqdqwdqqdqwdqqdqwdqqdqwdqqdqwdqqdqwdqqdqwdqqdqwdqqdqwdqqdqwdqqdqwdqqdqwdqqdqwdqqdqwdqqdqwdqqdqwdq qdqwdq qdqwdq qdqwdqqdqwdqqdqwdqqdqwdqqdqwdqqdqwdqqdqwdqqdqwdqqdqwdqqdqwdqqdqwdqqdqwdqqdqwdqqdqwdqqdqwdqqdqwdqqdqwdqqdqwdqqdqwdqqdqwdqqdqwdq qdqwdq qdqwdq qdqwdq qdqwdqqdqwdqqdqwdqqdqwdqqdqwdqqdqwdqqdqwdqqdqwdqqdqwdqqdqwdqqdqwdqqdqwdqqdqwdqqdqwdqqdqwdqqdqwdqqdqwdqqdqwdqqdqwdqqdqwdq qdqwdq qdqwdq qdqwdq qdqwdqqdqwdqqdqwdqqdqwdqqdqwdqqdqwdqqdqwdqqdqwdqqdqwdqqdqwdqqdqwdqqdqwdqqdqwdqqdqwdqqdqwdqqdqwdqqdqwdqqdqwdqqdqwdqqdqwdq qdqwdq qdqwdq qdqwdq qdqwdqqdqwdqqdqwdqqdqwdqqdqwdqqdqwdqqdqwdqqdqwdqqdqwdqqdqwdqqdqwdqqdqwdqqdqwdqqdqwdqqdqwdqqdqwdqqdqwdqqdqwdqqdqwdqqdqwdq qdqwdq qdqwdq qdqwdqqdqwdqqdqwdqqdqwdqqdqwdqqdqwdqqdqwdqqdqwdqqdqwdqqdqwdqqdqwdqqdqwdqqdqwdqqdqwdqqdqwdqqdqwdqqdqwdqqdqwdqqdqwdqqdqwdqqdqwdq qdqwdq qdqwdq qdqwdq qdqwdqqdqwdqqdqwdqqdqwdqqdqwdqqdqwdqqdqwdqqdqwdqqdqwdqqdqwdqqdqwdqqdqwdqqdqwdqqdqwdqqdqwdqqdqwdqqdqwdqqdqwdqqdqwdqqdqwdq qdqwdq qdqwdq qdqwdq qdqwdqqdqwdqqdqwdqqdqwdqqdqwdqqdqwdqqdqwdqqdqwdqqdqwdqqdqwdqqdqwdqqdqwdqqdqwdqqdqwdqqdqwdqqdqwdqqdqwdqqdqwdqqdqwdqqdqwdq qdqwdq qdqwdq qdqwdq qdqwdqqdqwdqqdqwdqqdqwdqqdqwdqqdqwdqqdqwdqqdqwdqqdqwdqqdqwdqqdqwdqqdqwdqqdqwdqqdqwdqqdqwdqqdqwdqqdqwdqqdqwdqqdqwdqqdqwdq qdqwdq qdqwdq qdqwdq\n\nqdqwdqqdqwdqqdqwdqqdqwdqqdqwdqqdqwdqqdqwdqqdqwdqqdqwdqqdqwdqqdqwdqqdqwdqqdqwdqqdqwdqqdqwdqqdqwdqqdqwdqqdqwdqqdqwdqqdqwdq qdqwdq qdqwdq qdqwdq qdqwdqqdqwdqqdqwdqqdqwdqqdqwdqqdqwdqqdqwdqqdqwdqqdqwdqqdqwdqqdqwdqqdqwdqqdqwdqqdqwdqqdqwdqqdqwdqqdqwdqqdqwdqqdqwdqqdqwdq qdqwdq qdqwdq qdqwdq qdqwdqqdqwdqqdqwdqqdqwdqqdqwdqqdqwdqqdqwdqqdqwdqqdqwdqqdqwdqqdqwdqqdqwdqqdqwdqqdqwdqqdqwdqqdqwdqqdqwdqqdqwdqqdqwdqqdqwdq qdqwdq qdqwdq qdqwdq qdqwdqqdqwdqqdqwdqqdqwdqqdqwdqqdqwdqqdqwdqqdqwdqqdqwdqqdqwdqqdqwdqqdqwdqqdqwdqqdqwdqqdqwdqqdqwdqqdqwdqqdqwdqqdqwdqqdqwdq qdqwdq qdqwdq qdqwdq qdqwdqqdqwdqqdqwdqqdqwdqqdqwdqqdqwdqqdqwdqqdqwdqqdqwdqqdqwdqqdqwdqqdqwdqqdqwdqqdqwdqqdqwdqqdqwdqqdqwdqqdqwdqqdqwdqqdqwdq qdqwdq qdqwdq qdqwdq qdqwdqqdqwdqqdqwdqqdqwdqqdqwdqqdqwdqqdqwdqqdqwdqqdqwdqqdqwdqqdqwdqqdqwdqqdqwdqqdqwdqqdqwdqqdqwdqqdqwdqqdqwdqqdqwdqqdqwdq qdqwdq qdqwdq qdqwdq qdqwdqqdqwdqqdqwdqqdqwdqqdqwdqqdqwdqqdqwdqqdqwdqqdqwdqqdqwdqqdqwdqqdqwdqqdqwdqqdqwdqqdqwdqqdqwdqqdqwdqqdqwdqqdqwdqqdqwdq qdqwdq qdqwdq qdqwdq qdqwdqqdqwdqqdqwdqqdqwdqqdqwdqqdqwdqqdqwdqqdqwdqqdqwdqqdqwdqqdqwdqqdqwdqqdqwdqqdqwdqqdqwdqqdqwdqqdqwdqqdqwdqqdqwdqqdqwdq qdqwdq qdqwdq qdqwdqqdqwdqqdqwdqqdqwdqqdqwdqqdqwdqqdqwdqqdqwdqqdqwdqqdqwdqqdqwdqqdqwdqqdqwdqqdqwdqqdqwdqqdqwdqqdqwdqqdqwdqqdqwdqqdqwdqqdqwdq qdqwdq qdqwdq qdqwdq qdqwdqqdqwdqqdqwdqqdqwdqqdqwdqqdqwdqqdqwdqqdqwdqqdqwdqqdqwdqqdqwdqqdqwdqqdqwdqqdqwdqqdqwdqqdqwdqqdqwdqqdqwdqqdqwdqqdqwdq qdqwdq qdqwdq qdqwdq qdqwdqqdqwdqqdqwdqqdqwdqqdqwdqqdqwdqqdqwdqqdqwdqqdqwdqqdqwdqqdqwdqqdqwdqqdqwdqqdqwdqqdqwdqqdqwdqqdqwdqqdqwdqqdqwdqqdqwdq qdqwdq qdqwdq qdqwdq qdqwdqqdqwdqqdqwdqqdqwdqqdqwdqqdqwdqqdqwdqqdqwdqqdqwdqqdqwdqqdqwdqqdqwdqqdqwdqqdqwdqqdqwdqqdqwdqqdqwdqqdqwdqqdqwdqqdqwdq qdqwdq qdqwdq qdqwdqqdqwdqqdqwdqqdqwdqqdqwdqqdqwdqqdqwdqqdqwdqqdqwdqqdqwdqqdqwdqqdqwdqqdqwdqqdqwdqqdqwdqqdqwdqqdqwdqqdqwdqqdqwdqqdqwdqqdqwdq qdqwdq qdqwdq qdqwdq qdqwdqqdqwdqqdqwdqqdqwdqqdqwdqqdqwdqqdqwdqqdqwdqqdqwdqqdqwdqqdqwdqqdqwdqqdqwdqqdqwdqqdqwdqqdqwdqqdqwdqqdqwdqqdqwdqqdqwdq qdqwdq qdqwdq qdqwdq qdqwdqqdqwdqqdqwdqqdqwdqqdqwdqqdqwdqqdqwdqqdqwdqqdqwdqqdqwdqqdqwdqqdqwdqqdqwdqqdqwdqqdqwdqqdqwdqqdqwdqqdqwdqqdqwdqqdqwdq qdqwdq qdqwdq qdqwdq qdqwdqqdqwdqqdqwdqqdqwdqqdqwdqqdqwdqqdqwdqqdqwdqqdqwdqqdqwdqqdqwdqqdqwdqqdqwdqqdqwdqqdqwdqqdqwdqqdqwdqqdqwdqqdqwdqqdqwdq qdqwdq qdqwdq qdqwdqqdqwdqqdqwdqqdqwdqqdqwdqqdqwdqqdqwdqqdqwdqqdqwdqqdqwdqqdqwdqqdqwdqqdqwdqqdqwdqqdqwdqqdqwdqqdqwdqqdqwdqqdqwdqqdqwdqqdqwdq qdqwdq qdqwdq qdqwdq qdqwdqqdqwdqqdqwdqqdqwdqqdqwdqqdqwdqqdqwdqqdqwdqqdqwdqqdqwdqqdqwdqqdqwdqqdqwdqqdqwdqqdqwdqqdqwdqqdqwdqqdqwdqqdqwdqqdqwdq qdqwdq qdqwdq qdqwdq qdqwdqqdqwdqqdqwdqqdqwdqqdqwdqqdqwdqqdqwdqqdqwdqqdqwdqqdqwdqqdqwdqqdqwdqqdqwdqqdqwdqqdqwdqqdqwdqqdqwdqqdqwdqqdqwdqqdqwdq qdqwdq qdqwdq qdqwdq qdqwdqqdqwdqqdqwdqqdqwdqqdqwdqqdqwdqqdqwdqqdqwdqqdqwdqqdqwdqqdqwdqqdqwdqqdqwdqqdqwdqqdqwdqqdqwdqqdqwdqqdqwdqqdqwdqqdqwdq qdqwdq qdqwdq qdqwdqqdqwdqqdqwdqqdqwdqqdqwdqqdqwdqqdqwdqqdqwdqqdqwdqqdqwdqqdqwdqqdqwdqqdqwdqqdqwdqqdqwdqqdqwdqqdqwdqqdqwdqqdqwdqqdqwdqqdqwdq qdqwdq qdqwdq qdqwdq qdqwdqqdqwdqqdqwdqqdqwdqqdqwdqqdqwdqqdqwdqqdqwdqqdqwdqqdqwdqqdqwdqqdqwdqqdqwdqqdqwdqqdqwdqqdqwdqqdqwdqqdqwdqqdqwdqqdqwdq qdqwdq qdqwdq qdqwdq qdqwdqqdqwdqqdqwdqqdqwdqqdqwdqqdqwdqqdqwdqqdqwdqqdqwdqqdqwdqqdqwdqqdqwdqqdqwdqqdqwdqqdqwdqqdqwdqqdqwdqqdqwdqqdqwdqqdqwdq qdqwdq qdqwdq qdqwdq qdqwdqqdqwdqqdqwdqqdqwdqqdqwdqqdqwdqqdqwdqqdqwdqqdqwdqqdqwdqqdqwdqqdqwdqqdqwdqqdqwdqqdqwdqqdqwdqqdqwdqqdqwdqqdqwdqqdqwdq qdqwdq qdqwdq qdqwdqqdqwdqqdqwdqqdqwdqqdqwdqqdqwdqqdqwdqqdqwdqqdqwdqqdqwdqqdqwdqqdqwdqqdqwdqqdqwdqqdqwdqqdqwdqqdqwdqqdqwdqqdqwdqqdqwdqqdqwdq qdqwdq qdqwdq qdqwdq qdqwdqqdqwdqqdqwdqqdqwdqqdqwdqqdqwdqqdqwdqqdqwdqqdqwdqqdqwdqqdqwdqqdqwdqqdqwdqqdqwdqqdqwdqqdqwdqqdqwdqqdqwdqqdqwdqqdqwdq qdqwdq qdqwdq qdqwdq qdqwdqqdqwdqqdqwdqqdqwdqqdqwdqqdqwdqqdqwdqqdqwdqqdqwdqqdqwdqqdqwdqqdqwdqqdqwdqqdqwdqqdqwdqqdqwdqqdqwdqqdqwdqqdqwdqqdqwdq qdqwdq qdqwdq qdqwdq qdqwdqqdqwdqqdqwdqqdqwdqqdqwdqqdqwdqqdqwdqqdqwdqqdqwdqqdqwdqqdqwdqqdqwdqqdqwdqqdqwdqqdqwdqqdqwdqqdqwdqqdqwdqqdqwdqqdqwdq qdqwdq qdqwdq qdqwdqqdqwdqqdqwdqqdqwdqqdqwdqqdqwdqqdqwdqqdqwdqqdqwdqqdqwdqqdqwdqqdqwdqqdqwdqqdqwdqqdqwdqqdqwdqqdqwdqqdqwdqqdqwdqqdqwdqqdqwdq qdqwdq qdqwdq qdqwdq qdqwdqqdqwdqqdqwdqqdqwdqqdqwdqqdqwdqqdqwdqqdqwdqqdqwdqqdqwdqqdqwdqqdqwdqqdqwdqqdqwdqqdqwdqqdqwdqqdqwdqqdqwdqqdqwdqqdqwdq qdqwdq qdqwdq qdqwdq qdqwdqqdqwdqqdqwdqqdqwdqqdqwdqqdqwdqqdqwdqqdqwdqqdqwdqqdqwdqqdqwdqqdqwdqqdqwdqqdqwdqqdqwdqqdqwdqqdqwdqqdqwdqqdqwdqqdqwdq qdqwdq qdqwdq qdqwdq qdqwdqqdqwdqqdqwdqqdqwdqqdqwdqqdqwdqqdqwdqqdqwdqqdqwdqqdqwdqqdqwdqqdqwdqqdqwdqqdqwdqqdqwdqqdqwdqqdqwdqqdqwdqqdqwdqqdqwdq qdqwdq qdqwdq qdqwdq\n\nqdqwdqqdqwdqqdqwdqqdqwdqqdqwdqqdqwdqqdqwdqqdqwdqqdqwdqqdqwdqqdqwdqqdqwdqqdqwdqqdqwdqqdqwdqqdqwdqqdqwdqqdqwdqqdqwdqqdqwdq qdqwdq qdqwdq qdqwdq qdqwdqqdqwdqqdqwdqqdqwdqqdqwdqqdqwdqqdqwdqqdqwdqqdqwdqqdqwdqqdqwdqqdqwdqqdqwdqqdqwdqqdqwdqqdqwdqqdqwdqqdqwdqqdqwdqqdqwdq qdqwdq qdqwdq qdqwdq qdqwdqqdqwdqqdqwdqqdqwdqqdqwdqqdqwdqqdqwdqqdqwdqqdqwdqqdqwdqqdqwdqqdqwdqqdqwdqqdqwdqqdqwdqqdqwdqqdqwdqqdqwdqqdqwdqqdqwdq qdqwdq qdqwdq qdqwdq qdqwdqqdqwdqqdqwdqqdqwdqqdqwdqqdqwdqqdqwdqqdqwdqqdqwdqqdqwdqqdqwdqqdqwdqqdqwdqqdqwdqqdqwdqqdqwdqqdqwdqqdqwdqqdqwdqqdqwdq qdqwdq qdqwdq qdqwdq qdqwdqqdqwdqqdqwdqqdqwdqqdqwdqqdqwdqqdqwdqqdqwdqqdqwdqqdqwdqqdqwdqqdqwdqqdqwdqqdqwdqqdqwdqqdqwdqqdqwdqqdqwdqqdqwdqqdqwdq qdqwdq qdqwdq qdqwdq qdqwdqqdqwdqqdqwdqqdqwdqqdqwdqqdqwdqqdqwdqqdqwdqqdqwdqqdqwdqqdqwdqqdqwdqqdqwdqqdqwdqqdqwdqqdqwdqqdqwdqqdqwdqqdqwdqqdqwdq qdqwdq qdqwdq qdqwdq qdqwdqqdqwdqqdqwdqqdqwdqqdqwdqqdqwdqqdqwdqqdqwdqqdqwdqqdqwdqqdqwdqqdqwdqqdqwdqqdqwdqqdqwdqqdqwdqqdqwdqqdqwdqqdqwdqqdqwdq qdqwdq qdqwdq qdqwdq qdqwdqqdqwdqqdqwdqqdqwdqqdqwdqqdqwdqqdqwdqqdqwdqqdqwdqqdqwdqqdqwdqqdqwdqqdqwdqqdqwdqqdqwdqqdqwdqqdqwdqqdqwdqqdqwdqqdqwdq qdqwdq qdqwdq qdqwdqqdqwdqqdqwdqqdqwdqqdqwdqqdqwdqqdqwdqqdqwdqqdqwdqqdqwdqqdqwdqqdqwdqqdqwdqqdqwdqqdqwdqqdqwdqqdqwdqqdqwdqqdqwdqqdqwdqqdqwdq qdqwdq qdqwdq qdqwdq qdqwdqqdqwdqqdqwdqqdqwdqqdqwdqqdqwdqqdqwdqqdqwdqqdqwdqqdqwdqqdqwdqqdqwdqqdqwdqqdqwdqqdqwdqqdqwdqqdqwdqqdqwdqqdqwdqqdqwdq qdqwdq qdqwdq qdqwdq qdqwdqqdqwdqqdqwdqqdqwdqqdqwdqqdqwdqqdqwdqqdqwdqqdqwdqqdqwdqqdqwdqqdqwdqqdqwdqqdqwdqqdqwdqqdqwdqqdqwdqqdqwdqqdqwdqqdqwdq qdqwdq qdqwdq qdqwdq qdqwdqqdqwdqqdqwdqqdqwdqqdqwdqqdqwdqqdqwdqqdqwdqqdqwdqqdqwdqqdqwdqqdqwdqqdqwdqqdqwdqqdqwdqqdqwdqqdqwdqqdqwdqqdqwdqqdqwdq qdqwdq qdqwdq qdqwdqqdqwdqqdqwdqqdqwdqqdqwdqqdqwdqqdqwdqqdqwdqqdqwdqqdqwdqqdqwdqqdqwdqqdqwdqqdqwdqqdqwdqqdqwdqqdqwdqqdqwdqqdqwdqqdqwdqqdqwdq qdqwdq qdqwdq qdqwdq qdqwdqqdqwdqqdqwdqqdqwdqqdqwdqqdqwdqqdqwdqqdqwdqqdqwdqqdqwdqqdqwdqqdqwdqqdqwdqqdqwdqqdqwdqqdqwdqqdqwdqqdqwdqqdqwdqqdqwdq qdqwdq qdqwdq qdqwdq qdqwdqqdqwdqqdqwdqqdqwdqqdqwdqqdqwdqqdqwdqqdqwdqqdqwdqqdqwdqqdqwdqqdqwdqqdqwdqqdqwdqqdqwdqqdqwdqqdqwdqqdqwdqqdqwdqqdqwdq qdqwdq qdqwdq qdqwdq qdqwdqqdqwdqqdqwdqqdqwdqqdqwdqqdqwdqqdqwdqqdqwdqqdqwdqqdqwdqqdqwdqqdqwdqqdqwdqqdqwdqqdqwdqqdqwdqqdqwdqqdqwdqqdqwdqqdqwdq qdqwdq qdqwdq qdqwdqqdqwdqqdqwdqqdqwdqqdqwdqqdqwdqqdqwdqqdqwdqqdqwdqqdqwdqqdqwdqqdqwdqqdqwdqqdqwdqqdqwdqqdqwdqqdqwdqqdqwdqqdqwdqqdqwdqqdqwdq qdqwdq qdqwdq qdqwdq qdqwdqqdqwdqqdqwdqqdqwdqqdqwdqqdqwdqqdqwdqqdqwdqqdqwdqqdqwdqqdqwdqqdqwdqqdqwdqqdqwdqqdqwdqqdqwdqqdqwdqqdqwdqqdqwdqqdqwdq qdqwdq qdqwdq qdqwdq qdqwdqqdqwdqqdqwdqqdqwdqqdqwdqqdqwdqqdqwdqqdqwdqqdqwdqqdqwdqqdqwdqqdqwdqqdqwdqqdqwdqqdqwdqqdqwdqqdqwdqqdqwdqqdqwdqqdqwdq qdqwdq qdqwdq qdqwdq qdqwdqqdqwdqqdqwdqqdqwdqqdqwdqqdqwdqqdqwdqqdqwdqqdqwdqqdqwdqqdqwdqqdqwdqqdqwdqqdqwdqqdqwdqqdqwdqqdqwdqqdqwdqqdqwdqqdqwdq qdqwdq qdqwdq qdqwdqqdqwdqqdqwdqqdqwdqqdqwdqqdqwdqqdqwdqqdqwdqqdqwdqqdqwdqqdqwdqqdqwdqqdqwdqqdqwdqqdqwdqqdqwdqqdqwdqqdqwdqqdqwdqqdqwdqqdqwdq qdqwdq qdqwdq qdqwdq qdqwdqqdqwdqqdqwdqqdqwdqqdqwdqqdqwdqqdqwdqqdqwdqqdqwdqqdqwdqqdqwdqqdqwdqqdqwdqqdqwdqqdqwdqqdqwdqqdqwdqqdqwdqqdqwdqqdqwdq qdqwdq qdqwdq qdqwdq qdqwdqqdqwdqqdqwdqqdqwdqqdqwdqqdqwdqqdqwdqqdqwdqqdqwdqqdqwdqqdqwdqqdqwdqqdqwdqqdqwdqqdqwdqqdqwdqqdqwdqqdqwdqqdqwdqqdqwdq qdqwdq qdqwdq qdqwdq qdqwdqqdqwdqqdqwdqqdqwdqqdqwdqqdqwdqqdqwdqqdqwdqqdqwdqqdqwdqqdqwdqqdqwdqqdqwdqqdqwdqqdqwdqqdqwdqqdqwdqqdqwdqqdqwdqqdqwdq qdqwdq qdqwdq qdqwdqqdqwdqqdqwdqqdqwdqqdqwdqqdqwdqqdqwdqqdqwdqqdqwdqqdqwdqqdqwdqqdqwdqqdqwdqqdqwdqqdqwdqqdqwdqqdqwdqqdqwdqqdqwdqqdqwdqqdqwdq qdqwdq qdqwdq qdqwdq qdqwdqqdqwdqqdqwdqqdqwdqqdqwdqqdqwdqqdqwdqqdqwdqqdqwdqqdqwdqqdqwdqqdqwdqqdqwdqqdqwdqqdqwdqqdqwdqqdqwdqqdqwdqqdqwdqqdqwdq qdqwdq qdqwdq qdqwdq qdqwdqqdqwdqqdqwdqqdqwdqqdqwdqqdqwdqqdqwdqqdqwdqqdqwdqqdqwdqqdqwdqqdqwdqqdqwdqqdqwdqqdqwdqqdqwdqqdqwdqqdqwdqqdqwdqqdqwdq qdqwdq qdqwdq qdqwdq qdqwdqqdqwdqqdqwdqqdqwdqqdqwdqqdqwdqqdqwdqqdqwdqqdqwdqqdqwdqqdqwdqqdqwdqqdqwdqqdqwdqqdqwdqqdqwdqqdqwdqqdqwdqqdqwdqqdqwdq qdqwdq qdqwdq qdqwdqqdqwdqqdqwdqqdqwdqqdqwdqqdqwdqqdqwdqqdqwdqqdqwdqqdqwdqqdqwdqqdqwdqqdqwdqqdqwdqqdqwdqqdqwdqqdqwdqqdqwdqqdqwdqqdqwdqqdqwdq qdqwdq qdqwdq qdqwdq qdqwdqqdqwdqqdqwdqqdqwdqqdqwdqqdqwdqqdqwdqqdqwdqqdqwdqqdqwdqqdqwdqqdqwdqqdqwdqqdqwdqqdqwdqqdqwdqqdqwdqqdqwdqqdqwdqqdqwdq qdqwdq qdqwdq qdqwdq qdqwdqqdqwdqqdqwdqqdqwdqqdqwdqqdqwdqqdqwdqqdqwdqqdqwdqqdqwdqqdqwdqqdqwdqqdqwdqqdqwdqqdqwdqqdqwdqqdqwdqqdqwdqqdqwdqqdqwdq qdqwdq qdqwdq qdqwdq qdqwdqqdqwdqqdqwdqqdqwdqqdqwdqqdqwdqqdqwdqqdqwdqqdqwdqqdqwdqqdqwdqqdqwdqqdqwdqqdqwdqqdqwdqqdqwdqqdqwdqqdqwdqqdqwdqqdqwdq qdqwdq qdqwdq qdqwdq\n\nqdqwdqqdqwdqqdqwdqqdqwdqqdqwdqqdqwdqqdqwdqqdqwdqqdqwdqqdqwdqqdqwdqqdqwdqqdqwdqqdqwdqqdqwdqqdqwdqqdqwdqqdqwdqqdqwdqqdqwdq qdqwdq qdqwdq qdqwdq qdqwdqqdqwdqqdqwdqqdqwdqqdqwdqqdqwdqqdqwdqqdqwdqqdqwdqqdqwdqqdqwdqqdqwdqqdqwdqqdqwdqqdqwdqqdqwdqqdqwdqqdqwdqqdqwdqqdqwdq qdqwdq qdqwdq qdqwdq qdqwdqqdqwdqqdqwdqqdqwdqqdqwdqqdqwdqqdqwdqqdqwdqqdqwdqqdqwdqqdqwdqqdqwdqqdqwdqqdqwdqqdqwdqqdqwdqqdqwdqqdqwdqqdqwdqqdqwdq qdqwdq qdqwdq qdqwdq qdqwdqqdqwdqqdqwdqqdqwdqqdqwdqqdqwdqqdqwdqqdqwdqqdqwdqqdqwdqqdqwdqqdqwdqqdqwdqqdqwdqqdqwdqqdqwdqqdqwdqqdqwdqqdqwdqqdqwdq qdqwdq qdqwdq qdqwdq qdqwdqqdqwdqqdqwdqqdqwdqqdqwdqqdqwdqqdqwdqqdqwdqqdqwdqqdqwdqqdqwdqqdqwdqqdqwdqqdqwdqqdqwdqqdqwdqqdqwdqqdqwdqqdqwdqqdqwdq qdqwdq qdqwdq qdqwdq qdqwdqqdqwdqqdqwdqqdqwdqqdqwdqqdqwdqqdqwdqqdqwdqqdqwdqqdqwdqqdqwdqqdqwdqqdqwdqqdqwdqqdqwdqqdqwdqqdqwdqqdqwdqqdqwdqqdqwdq qdqwdq qdqwdq qdqwdq qdqwdqqdqwdqqdqwdqqdqwdqqdqwdqqdqwdqqdqwdqqdqwdqqdqwdqqdqwdqqdqwdqqdqwdqqdqwdqqdqwdqqdqwdqqdqwdqqdqwdqqdqwdqqdqwdqqdqwdq qdqwdq qdqwdq qdqwdq qdqwdqqdqwdqqdqwdqqdqwdqqdqwdqqdqwdqqdqwdqqdqwdqqdqwdqqdqwdqqdqwdqqdqwdqqdqwdqqdqwdqqdqwdqqdqwdqqdqwdqqdqwdqqdqwdqqdqwdq qdqwdq qdqwdq qdqwdqqdqwdqqdqwdqqdqwdqqdqwdqqdqwdqqdqwdqqdqwdqqdqwdqqdqwdqqdqwdqqdqwdqqdqwdqqdqwdqqdqwdqqdqwdqqdqwdqqdqwdqqdqwdqqdqwdqqdqwdq qdqwdq qdqwdq qdqwdq qdqwdqqdqwdqqdqwdqqdqwdqqdqwdqqdqwdqqdqwdqqdqwdqqdqwdqqdqwdqqdqwdqqdqwdqqdqwdqqdqwdqqdqwdqqdqwdqqdqwdqqdqwdqqdqwdqqdqwdq qdqwdq qdqwdq qdqwdq qdqwdqqdqwdqqdqwdqqdqwdqqdqwdqqdqwdqqdqwdqqdqwdqqdqwdqqdqwdqqdqwdqqdqwdqqdqwdqqdqwdqqdqwdqqdqwdqqdqwdqqdqwdqqdqwdqqdqwdq qdqwdq qdqwdq qdqwdq qdqwdqqdqwdqqdqwdqqdqwdqqdqwdqqdqwdqqdqwdqqdqwdqqdqwdqqdqwdqqdqwdqqdqwdqqdqwdqqdqwdqqdqwdqqdqwdqqdqwdqqdqwdqqdqwdqqdqwdq qdqwdq qdqwdq qdqwdqqdqwdqqdqwdqqdqwdqqdqwdqqdqwdqqdqwdqqdqwdqqdqwdqqdqwdqqdqwdqqdqwdqqdqwdqqdqwdqqdqwdqqdqwdqqdqwdqqdqwdqqdqwdqqdqwdqqdqwdq qdqwdq qdqwdq qdqwdq qdqwdqqdqwdqqdqwdqqdqwdqqdqwdqqdqwdqqdqwdqqdqwdqqdqwdqqdqwdqqdqwdqqdqwdqqdqwdqqdqwdqqdqwdqqdqwdqqdqwdqqdqwdqqdqwdqqdqwdq qdqwdq qdqwdq qdqwdq qdqwdqqdqwdqqdqwdqqdqwdqqdqwdqqdqwdqqdqwdqqdqwdqqdqwdqqdqwdqqdqwdqqdqwdqqdqwdqqdqwdqqdqwdqqdqwdqqdqwdqqdqwdqqdqwdqqdqwdq qdqwdq qdqwdq qdqwdq qdqwdqqdqwdqqdqwdqqdqwdqqdqwdqqdqwdqqdqwdqqdqwdqqdqwdqqdqwdqqdqwdqqdqwdqqdqwdqqdqwdqqdqwdqqdqwdqqdqwdqqdqwdqqdqwdqqdqwdq qdqwdq qdqwdq qdqwdqqdqwdqqdqwdqqdqwdqqdqwdqqdqwdqqdqwdqqdqwdqqdqwdqqdqwdqqdqwdqqdqwdqqdqwdqqdqwdqqdqwdqqdqwdqqdqwdqqdqwdqqdqwdqqdqwdqqdqwdq qdqwdq qdqwdq qdqwdq qdqwdqqdqwdqqdqwdqqdqwdqqdqwdqqdqwdqqdqwdqqdqwdqqdqwdqqdqwdqqdqwdqqdqwdqqdqwdqqdqwdqqdqwdqqdqwdqqdqwdqqdqwdqqdqwdqqdqwdq qdqwdq qdqwdq qdqwdq qdqwdqqdqwdqqdqwdqqdqwdqqdqwdqqdqwdqqdqwdqqdqwdqqdqwdqqdqwdqqdqwdqqdqwdqqdqwdqqdqwdqqdqwdqqdqwdqqdqwdqqdqwdqqdqwdqqdqwdq qdqwdq qdqwdq qdqwdq qdqwdqqdqwdqqdqwdqqdqwdqqdqwdqqdqwdqqdqwdqqdqwdqqdqwdqqdqwdqqdqwdqqdqwdqqdqwdqqdqwdqqdqwdqqdqwdqqdqwdqqdqwdqqdqwdqqdqwdq qdqwdq qdqwdq qdqwdqqdqwdqqdqwdqqdqwdqqdqwdqqdqwdqqdqwdqqdqwdqqdqwdqqdqwdqqdqwdqqdqwdqqdqwdqqdqwdqqdqwdqqdqwdqqdqwdqqdqwdqqdqwdqqdqwdqqdqwdq qdqwdq qdqwdq qdqwdq qdqwdqqdqwdqqdqwdqqdqwdqqdqwdqqdqwdqqdqwdqqdqwdqqdqwdqqdqwdqqdqwdqqdqwdqqdqwdqqdqwdqqdqwdqqdqwdqqdqwdqqdqwdqqdqwdqqdqwdq qdqwdq qdqwdq qdqwdq qdqwdqqdqwdqqdqwdqqdqwdqqdqwdqqdqwdqqdqwdqqdqwdqqdqwdqqdqwdqqdqwdqqdqwdqqdqwdqqdqwdqqdqwdqqdqwdqqdqwdqqdqwdqqdqwdqqdqwdq qdqwdq qdqwdq qdqwdq qdqwdqqdqwdqqdqwdqqdqwdqqdqwdqqdqwdqqdqwdqqdqwdqqdqwdqqdqwdqqdqwdqqdqwdqqdqwdqqdqwdqqdqwdqqdqwdqqdqwdqqdqwdqqdqwdqqdqwdq qdqwdq qdqwdq qdqwdqqdqwdqqdqwdqqdqwdqqdqwdqqdqwdqqdqwdqqdqwdqqdqwdqqdqwdqqdqwdqqdqwdqqdqwdqqdqwdqqdqwdqqdqwdqqdqwdqqdqwdqqdqwdqqdqwdqqdqwdq qdqwdq qdqwdq qdqwdq qdqwdqqdqwdqqdqwdqqdqwdqqdqwdqqdqwdqqdqwdqqdqwdqqdqwdqqdqwdqqdqwdqqdqwdqqdqwdqqdqwdqqdqwdqqdqwdqqdqwdqqdqwdqqdqwdqqdqwdq qdqwdq qdqwdq qdqwdq qdqwdqqdqwdqqdqwdqqdqwdqqdqwdqqdqwdqqdqwdqqdqwdqqdqwdqqdqwdqqdqwdqqdqwdqqdqwdqqdqwdqqdqwdqqdqwdqqdqwdqqdqwdqqdqwdqqdqwdq qdqwdq qdqwdq qdqwdq qdqwdqqdqwdqqdqwdqqdqwdqqdqwdqqdqwdqqdqwdqqdqwdqqdqwdqqdqwdqqdqwdqqdqwdqqdqwdqqdqwdqqdqwdqqdqwdqqdqwdqqdqwdqqdqwdqqdqwdq qdqwdq qdqwdq qdqwdqqdqwdqqdqwdqqdqwdqqdqwdqqdqwdqqdqwdqqdqwdqqdqwdqqdqwdqqdqwdqqdqwdqqdqwdqqdqwdqqdqwdqqdqwdqqdqwdqqdqwdqqdqwdqqdqwdqqdqwdq qdqwdq qdqwdq qdqwdq qdqwdqqdqwdqqdqwdqqdqwdqqdqwdqqdqwdqqdqwdqqdqwdqqdqwdqqdqwdqqdqwdqqdqwdqqdqwdqqdqwdqqdqwdqqdqwdqqdqwdqqdqwdqqdqwdqqdqwdq qdqwdq qdqwdq qdqwdq qdqwdqqdqwdqqdqwdqqdqwdqqdqwdqqdqwdqqdqwdqqdqwdqqdqwdqqdqwdqqdqwdqqdqwdqqdqwdqqdqwdqqdqwdqqdqwdqqdqwdqqdqwdqqdqwdqqdqwdq qdqwdq qdqwdq qdqwdq qdqwdqqdqwdqqdqwdqqdqwdqqdqwdqqdqwdqqdqwdqqdqwdqqdqwdqqdqwdqqdqwdqqdqwdqqdqwdqqdqwdqqdqwdqqdqwdqqdqwdqqdqwdqqdqwdqqdqwdq qdqwdq qdqwdq qdqwdq\n\nqdqwdqqdqwdqqdqwdqqdqwdqqdqwdqqdqwdqqdqwdqqdqwdqqdqwdqqdqwdqqdqwdqqdqwdqqdqwdqqdqwdqqdqwdqqdqwdqqdqwdqqdqwdqqdqwdqqdqwdq qdqwdq qdqwdq qdqwdq qdqwdqqdqwdqqdqwdqqdqwdqqdqwdqqdqwdqqdqwdqqdqwdqqdqwdqqdqwdqqdqwdqqdqwdqqdqwdqqdqwdqqdqwdqqdqwdqqdqwdqqdqwdqqdqwdqqdqwdq qdqwdq qdqwdq qdqwdq qdqwdqqdqwdqqdqwdqqdqwdqqdqwdqqdqwdqqdqwdqqdqwdqqdqwdqqdqwdqqdqwdqqdqwdqqdqwdqqdqwdqqdqwdqqdqwdqqdqwdqqdqwdqqdqwdqqdqwdq qdqwdq qdqwdq qdqwdq qdqwdqqdqwdqqdqwdqqdqwdqqdqwdqqdqwdqqdqwdqqdqwdqqdqwdqqdqwdqqdqwdqqdqwdqqdqwdqqdqwdqqdqwdqqdqwdqqdqwdqqdqwdqqdqwdqqdqwdq qdqwdq qdqwdq qdqwdq qdqwdqqdqwdqqdqwdqqdqwdqqdqwdqqdqwdqqdqwdqqdqwdqqdqwdqqdqwdqqdqwdqqdqwdqqdqwdqqdqwdqqdqwdqqdqwdqqdqwdqqdqwdqqdqwdqqdqwdq qdqwdq qdqwdq qdqwdq qdqwdqqdqwdqqdqwdqqdqwdqqdqwdqqdqwdqqdqwdqqdqwdqqdqwdqqdqwdqqdqwdqqdqwdqqdqwdqqdqwdqqdqwdqqdqwdqqdqwdqqdqwdqqdqwdqqdqwdq qdqwdq qdqwdq qdqwdq qdqwdqqdqwdqqdqwdqqdqwdqqdqwdqqdqwdqqdqwdqqdqwdqqdqwdqqdqwdqqdqwdqqdqwdqqdqwdqqdqwdqqdqwdqqdqwdqqdqwdqqdqwdqqdqwdqqdqwdq qdqwdq qdqwdq qdqwdq qdqwdqqdqwdqqdqwdqqdqwdqqdqwdqqdqwdqqdqwdqqdqwdqqdqwdqqdqwdqqdqwdqqdqwdqqdqwdqqdqwdqqdqwdqqdqwdqqdqwdqqdqwdqqdqwdqqdqwdq qdqwdq qdqwdq qdqwdqqdqwdqqdqwdqqdqwdqqdqwdqqdqwdqqdqwdqqdqwdqqdqwdqqdqwdqqdqwdqqdqwdqqdqwdqqdqwdqqdqwdqqdqwdqqdqwdqqdqwdqqdqwdqqdqwdqqdqwdq qdqwdq qdqwdq qdqwdq qdqwdqqdqwdqqdqwdqqdqwdqqdqwdqqdqwdqqdqwdqqdqwdqqdqwdqqdqwdqqdqwdqqdqwdqqdqwdqqdqwdqqdqwdqqdqwdqqdqwdqqdqwdqqdqwdqqdqwdq qdqwdq qdqwdq qdqwdq qdqwdqqdqwdqqdqwdqqdqwdqqdqwdqqdqwdqqdqwdqqdqwdqqdqwdqqdqwdqqdqwdqqdqwdqqdqwdqqdqwdqqdqwdqqdqwdqqdqwdqqdqwdqqdqwdqqdqwdq qdqwdq qdqwdq qdqwdq qdqwdqqdqwdqqdqwdqqdqwdqqdqwdqqdqwdqqdqwdqqdqwdqqdqwdqqdqwdqqdqwdqqdqwdqqdqwdqqdqwdqqdqwdqqdqwdqqdqwdqqdqwdqqdqwdqqdqwdq qdqwdq qdqwdq qdqwdqqdqwdqqdqwdqqdqwdqqdqwdqqdqwdqqdqwdqqdqwdqqdqwdqqdqwdqqdqwdqqdqwdqqdqwdqqdqwdqqdqwdqqdqwdqqdqwdqqdqwdqqdqwdqqdqwdqqdqwdq qdqwdq qdqwdq qdqwdq qdqwdqqdqwdqqdqwdqqdqwdqqdqwdqqdqwdqqdqwdqqdqwdqqdqwdqqdqwdqqdqwdqqdqwdqqdqwdqqdqwdqqdqwdqqdqwdqqdqwdqqdqwdqqdqwdqqdqwdq qdqwdq qdqwdq qdqwdq qdqwdqqdqwdqqdqwdqqdqwdqqdqwdqqdqwdqqdqwdqqdqwdqqdqwdqqdqwdqqdqwdqqdqwdqqdqwdqqdqwdqqdqwdqqdqwdqqdqwdqqdqwdqqdqwdqqdqwdq qdqwdq qdqwdq qdqwdq qdqwdqqdqwdqqdqwdqqdqwdqqdqwdqqdqwdqqdqwdqqdqwdqqdqwdqqdqwdqqdqwdqqdqwdqqdqwdqqdqwdqqdqwdqqdqwdqqdqwdqqdqwdqqdqwdqqdqwdq qdqwdq qdqwdq qdqwdqqdqwdqqdqwdqqdqwdqqdqwdqqdqwdqqdqwdqqdqwdqqdqwdqqdqwdqqdqwdqqdqwdqqdqwdqqdqwdqqdqwdqqdqwdqqdqwdqqdqwdqqdqwdqqdqwdqqdqwdq qdqwdq qdqwdq qdqwdq qdqwdqqdqwdqqdqwdqqdqwdqqdqwdqqdqwdqqdqwdqqdqwdqqdqwdqqdqwdqqdqwdqqdqwdqqdqwdqqdqwdqqdqwdqqdqwdqqdqwdqqdqwdqqdqwdqqdqwdq qdqwdq qdqwdq qdqwdq qdqwdqqdqwdqqdqwdqqdqwdqqdqwdqqdqwdqqdqwdqqdqwdqqdqwdqqdqwdqqdqwdqqdqwdqqdqwdqqdqwdqqdqwdqqdqwdqqdqwdqqdqwdqqdqwdqqdqwdq qdqwdq qdqwdq qdqwdq qdqwdqqdqwdqqdqwdqqdqwdqqdqwdqqdqwdqqdqwdqqdqwdqqdqwdqqdqwdqqdqwdqqdqwdqqdqwdqqdqwdqqdqwdqqdqwdqqdqwdqqdqwdqqdqwdqqdqwdq qdqwdq qdqwdq qdqwdqqdqwdqqdqwdqqdqwdqqdqwdqqdqwdqqdqwdqqdqwdqqdqwdqqdqwdqqdqwdqqdqwdqqdqwdqqdqwdqqdqwdqqdqwdqqdqwdqqdqwdqqdqwdqqdqwdqqdqwdq qdqwdq qdqwdq qdqwdq qdqwdqqdqwdqqdqwdqqdqwdqqdqwdqqdqwdqqdqwdqqdqwdqqdqwdqqdqwdqqdqwdqqdqwdqqdqwdqqdqwdqqdqwdqqdqwdqqdqwdqqdqwdqqdqwdqqdqwdq qdqwdq qdqwdq qdqwdq qdqwdqqdqwdqqdqwdqqdqwdqqdqwdqqdqwdqqdqwdqqdqwdqqdqwdqqdqwdqqdqwdqqdqwdqqdqwdqqdqwdqqdqwdqqdqwdqqdqwdqqdqwdqqdqwdqqdqwdq qdqwdq qdqwdq qdqwdq qdqwdqqdqwdqqdqwdqqdqwdqqdqwdqqdqwdqqdqwdqqdqwdqqdqwdqqdqwdqqdqwdqqdqwdqqdqwdqqdqwdqqdqwdqqdqwdqqdqwdqqdqwdqqdqwdqqdqwdq qdqwdq qdqwdq qdqwdqqdqwdqqdqwdqqdqwdqqdqwdqqdqwdqqdqwdqqdqwdqqdqwdqqdqwdqqdqwdqqdqwdqqdqwdqqdqwdqqdqwdqqdqwdqqdqwdqqdqwdqqdqwdqqdqwdqqdqwdq qdqwdq qdqwdq qdqwdq qdqwdqqdqwdqqdqwdqqdqwdqqdqwdqqdqwdqqdqwdqqdqwdqqdqwdqqdqwdqqdqwdqqdqwdqqdqwdqqdqwdqqdqwdqqdqwdqqdqwdqqdqwdqqdqwdqqdqwdq qdqwdq qdqwdq qdqwdq qdqwdqqdqwdqqdqwdqqdqwdqqdqwdqqdqwdqqdqwdqqdqwdqqdqwdqqdqwdqqdqwdqqdqwdqqdqwdqqdqwdqqdqwdqqdqwdqqdqwdqqdqwdqqdqwdqqdqwdq qdqwdq qdqwdq qdqwdq qdqwdqqdqwdqqdqwdqqdqwdqqdqwdqqdqwdqqdqwdqqdqwdqqdqwdqqdqwdqqdqwdqqdqwdqqdqwdqqdqwdqqdqwdqqdqwdqqdqwdqqdqwdqqdqwdqqdqwdq qdqwdq qdqwdq qdqwdqqdqwdqqdqwdqqdqwdqqdqwdqqdqwdqqdqwdqqdqwdqqdqwdqqdqwdqqdqwdqqdqwdqqdqwdqqdqwdqqdqwdqqdqwdqqdqwdqqdqwdqqdqwdqqdqwdqqdqwdq qdqwdq qdqwdq qdqwdq qdqwdqqdqwdqqdqwdqqdqwdqqdqwdqqdqwdqqdqwdqqdqwdqqdqwdqqdqwdqqdqwdqqdqwdqqdqwdqqdqwdqqdqwdqqdqwdqqdqwdqqdqwdqqdqwdqqdqwdq qdqwdq qdqwdq qdqwdq qdqwdqqdqwdqqdqwdqqdqwdqqdqwdqqdqwdqqdqwdqqdqwdqqdqwdqqdqwdqqdqwdqqdqwdqqdqwdqqdqwdqqdqwdqqdqwdqqdqwdqqdqwdqqdqwdqqdqwdq qdqwdq qdqwdq qdqwdq qdqwdqqdqwdqqdqwdqqdqwdqqdqwdqqdqwdqqdqwdqqdqwdqqdqwdqqdqwdqqdqwdqqdqwdqqdqwdqqdqwdqqdqwdqqdqwdqqdqwdqqdqwdqqdqwdqqdqwdq qdqwdq qdqwdq qdqwdq\n\nqdqwdqqdqwdqqdqwdqqdqwdqqdqwdqqdqwdqqdqwdqqdqwdqqdqwdqqdqwdqqdqwdqqdqwdqqdqwdqqdqwdqqdqwdqqdqwdqqdqwdqqdqwdqqdqwdqqdqwdq qdqwdq qdqwdq qdqwdq qdqwdqqdqwdqqdqwdqqdqwdqqdqwdqqdqwdqqdqwdqqdqwdqqdqwdqqdqwdqqdqwdqqdqwdqqdqwdqqdqwdqqdqwdqqdqwdqqdqwdqqdqwdqqdqwdqqdqwdq qdqwdq qdqwdq qdqwdq qdqwdqqdqwdqqdqwdqqdqwdqqdqwdqqdqwdqqdqwdqqdqwdqqdqwdqqdqwdqqdqwdqqdqwdqqdqwdqqdqwdqqdqwdqqdqwdqqdqwdqqdqwdqqdqwdqqdqwdq qdqwdq qdqwdq qdqwdq qdqwdqqdqwdqqdqwdqqdqwdqqdqwdqqdqwdqqdqwdqqdqwdqqdqwdqqdqwdqqdqwdqqdqwdqqdqwdqqdqwdqqdqwdqqdqwdqqdqwdqqdqwdqqdqwdqqdqwdq qdqwdq qdqwdq qdqwdq qdqwdqqdqwdqqdqwdqqdqwdqqdqwdqqdqwdqqdqwdqqdqwdqqdqwdqqdqwdqqdqwdqqdqwdqqdqwdqqdqwdqqdqwdqqdqwdqqdqwdqqdqwdqqdqwdqqdqwdq qdqwdq qdqwdq qdqwdq qdqwdqqdqwdqqdqwdqqdqwdqqdqwdqqdqwdqqdqwdqqdqwdqqdqwdqqdqwdqqdqwdqqdqwdqqdqwdqqdqwdqqdqwdqqdqwdqqdqwdqqdqwdqqdqwdqqdqwdq qdqwdq qdqwdq qdqwdq qdqwdqqdqwdqqdqwdqqdqwdqqdqwdqqdqwdqqdqwdqqdqwdqqdqwdqqdqwdqqdqwdqqdqwdqqdqwdqqdqwdqqdqwdqqdqwdqqdqwdqqdqwdqqdqwdqqdqwdq qdqwdq qdqwdq qdqwdq qdqwdqqdqwdqqdqwdqqdqwdqqdqwdqqdqwdqqdqwdqqdqwdqqdqwdqqdqwdqqdqwdqqdqwdqqdqwdqqdqwdqqdqwdqqdqwdqqdqwdqqdqwdqqdqwdqqdqwdq qdqwdq qdqwdq qdqwdqqdqwdqqdqwdqqdqwdqqdqwdqqdqwdqqdqwdqqdqwdqqdqwdqqdqwdqqdqwdqqdqwdqqdqwdqqdqwdqqdqwdqqdqwdqqdqwdqqdqwdqqdqwdqqdqwdqqdqwdq qdqwdq qdqwdq qdqwdq qdqwdqqdqwdqqdqwdqqdqwdqqdqwdqqdqwdqqdqwdqqdqwdqqdqwdqqdqwdqqdqwdqqdqwdqqdqwdqqdqwdqqdqwdqqdqwdqqdqwdqqdqwdqqdqwdqqdqwdq qdqwdq qdqwdq qdqwdq qdqwdqqdqwdqqdqwdqqdqwdqqdqwdqqdqwdqqdqwdqqdqwdqqdqwdqqdqwdqqdqwdqqdqwdqqdqwdqqdqwdqqdqwdqqdqwdqqdqwdqqdqwdqqdqwdqqdqwdq qdqwdq qdqwdq qdqwdq qdqwdqqdqwdqqdqwdqqdqwdqqdqwdqqdqwdqqdqwdqqdqwdqqdqwdqqdqwdqqdqwdqqdqwdqqdqwdqqdqwdqqdqwdqqdqwdqqdqwdqqdqwdqqdqwdqqdqwdq qdqwdq qdqwdq qdqwdqqdqwdqqdqwdqqdqwdqqdqwdqqdqwdqqdqwdqqdqwdqqdqwdqqdqwdqqdqwdqqdqwdqqdqwdqqdqwdqqdqwdqqdqwdqqdqwdqqdqwdqqdqwdqqdqwdqqdqwdq qdqwdq qdqwdq qdqwdq qdqwdqqdqwdqqdqwdqqdqwdqqdqwdqqdqwdqqdqwdqqdqwdqqdqwdqqdqwdqqdqwdqqdqwdqqdqwdqqdqwdqqdqwdqqdqwdqqdqwdqqdqwdqqdqwdqqdqwdq qdqwdq qdqwdq qdqwdq qdqwdqqdqwdqqdqwdqqdqwdqqdqwdqqdqwdqqdqwdqqdqwdqqdqwdqqdqwdqqdqwdqqdqwdqqdqwdqqdqwdqqdqwdqqdqwdqqdqwdqqdqwdqqdqwdqqdqwdq qdqwdq qdqwdq qdqwdq qdqwdqqdqwdqqdqwdqqdqwdqqdqwdqqdqwdqqdqwdqqdqwdqqdqwdqqdqwdqqdqwdqqdqwdqqdqwdqqdqwdqqdqwdqqdqwdqqdqwdqqdqwdqqdqwdqqdqwdq qdqwdq qdqwdq qdqwdqqdqwdqqdqwdqqdqwdqqdqwdqqdqwdqqdqwdqqdqwdqqdqwdqqdqwdqqdqwdqqdqwdqqdqwdqqdqwdqqdqwdqqdqwdqqdqwdqqdqwdqqdqwdqqdqwdqqdqwdq qdqwdq qdqwdq qdqwdq qdqwdqqdqwdqqdqwdqqdqwdqqdqwdqqdqwdqqdqwdqqdqwdqqdqwdqqdqwdqqdqwdqqdqwdqqdqwdqqdqwdqqdqwdqqdqwdqqdqwdqqdqwdqqdqwdqqdqwdq qdqwdq qdqwdq qdqwdq qdqwdqqdqwdqqdqwdqqdqwdqqdqwdqqdqwdqqdqwdqqdqwdqqdqwdqqdqwdqqdqwdqqdqwdqqdqwdqqdqwdqqdqwdqqdqwdqqdqwdqqdqwdqqdqwdqqdqwdq qdqwdq qdqwdq qdqwdq qdqwdqqdqwdqqdqwdqqdqwdqqdqwdqqdqwdqqdqwdqqdqwdqqdqwdqqdqwdqqdqwdqqdqwdqqdqwdqqdqwdqqdqwdqqdqwdqqdqwdqqdqwdqqdqwdqqdqwdq qdqwdq qdqwdq qdqwdqqdqwdqqdqwdqqdqwdqqdqwdqqdqwdqqdqwdqqdqwdqqdqwdqqdqwdqqdqwdqqdqwdqqdqwdqqdqwdqqdqwdqqdqwdqqdqwdqqdqwdqqdqwdqqdqwdqqdqwdq qdqwdq qdqwdq qdqwdq qdqwdqqdqwdqqdqwdqqdqwdqqdqwdqqdqwdqqdqwdqqdqwdqqdqwdqqdqwdqqdqwdqqdqwdqqdqwdqqdqwdqqdqwdqqdqwdqqdqwdqqdqwdqqdqwdqqdqwdq qdqwdq qdqwdq qdqwdq qdqwdqqdqwdqqdqwdqqdqwdqqdqwdqqdqwdqqdqwdqqdqwdqqdqwdqqdqwdqqdqwdqqdqwdqqdqwdqqdqwdqqdqwdqqdqwdqqdqwdqqdqwdqqdqwdqqdqwdq qdqwdq qdqwdq qdqwdq qdqwdqqdqwdqqdqwdqqdqwdqqdqwdqqdqwdqqdqwdqqdqwdqqdqwdqqdqwdqqdqwdqqdqwdqqdqwdqqdqwdqqdqwdqqdqwdqqdqwdqqdqwdqqdqwdqqdqwdq qdqwdq qdqwdq qdqwdqqdqwdqqdqwdqqdqwdqqdqwdqqdqwdqqdqwdqqdqwdqqdqwdqqdqwdqqdqwdqqdqwdqqdqwdqqdqwdqqdqwdqqdqwdqqdqwdqqdqwdqqdqwdqqdqwdqqdqwdq qdqwdq qdqwdq qdqwdq qdqwdqqdqwdqqdqwdqqdqwdqqdqwdqqdqwdqqdqwdqqdqwdqqdqwdqqdqwdqqdqwdqqdqwdqqdqwdqqdqwdqqdqwdqqdqwdqqdqwdqqdqwdqqdqwdqqdqwdq qdqwdq qdqwdq qdqwdq qdqwdqqdqwdqqdqwdqqdqwdqqdqwdqqdqwdqqdqwdqqdqwdqqdqwdqqdqwdqqdqwdqqdqwdqqdqwdqqdqwdqqdqwdqqdqwdqqdqwdqqdqwdqqdqwdqqdqwdq qdqwdq qdqwdq qdqwdq qdqwdqqdqwdqqdqwdqqdqwdqqdqwdqqdqwdqqdqwdqqdqwdqqdqwdqqdqwdqqdqwdqqdqwdqqdqwdqqdqwdqqdqwdqqdqwdqqdqwdqqdqwdqqdqwdqqdqwdq qdqwdq qdqwdq qdqwdqqdqwdqqdqwdqqdqwdqqdqwdqqdqwdqqdqwdqqdqwdqqdqwdqqdqwdqqdqwdqqdqwdqqdqwdqqdqwdqqdqwdqqdqwdqqdqwdqqdqwdqqdqwdqqdqwdqqdqwdq qdqwdq qdqwdq qdqwdq qdqwdqqdqwdqqdqwdqqdqwdqqdqwdqqdqwdqqdqwdqqdqwdqqdqwdqqdqwdqqdqwdqqdqwdqqdqwdqqdqwdqqdqwdqqdqwdqqdqwdqqdqwdqqdqwdqqdqwdq qdqwdq qdqwdq qdqwdq qdqwdqqdqwdqqdqwdqqdqwdqqdqwdqqdqwdqqdqwdqqdqwdqqdqwdqqdqwdqqdqwdqqdqwdqqdqwdqqdqwdqqdqwdqqdqwdqqdqwdqqdqwdqqdqwdqqdqwdq qdqwdq qdqwdq qdqwdq qdqwdqqdqwdqqdqwdqqdqwdqqdqwdqqdqwdqqdqwdqqdqwdqqdqwdqqdqwdqqdqwdqqdqwdqqdqwdqqdqwdqqdqwdqqdqwdqqdqwdqqdqwdqqdqwdqqdqwdq qdqwdq qdqwdq qdqwdq\n\nqdqwdqqdqwdqqdqwdqqdqwdqqdqwdqqdqwdqqdqwdqqdqwdqqdqwdqqdqwdqqdqwdqqdqwdqqdqwdqqdqwdqqdqwdqqdqwdqqdqwdqqdqwdqqdqwdqqdqwdq qdqwdq qdqwdq qdqwdq qdqwdqqdqwdqqdqwdqqdqwdqqdqwdqqdqwdqqdqwdqqdqwdqqdqwdqqdqwdqqdqwdqqdqwdqqdqwdqqdqwdqqdqwdqqdqwdqqdqwdqqdqwdqqdqwdqqdqwdq qdqwdq qdqwdq qdqwdq qdqwdqqdqwdqqdqwdqqdqwdqqdqwdqqdqwdqqdqwdqqdqwdqqdqwdqqdqwdqqdqwdqqdqwdqqdqwdqqdqwdqqdqwdqqdqwdqqdqwdqqdqwdqqdqwdqqdqwdq qdqwdq qdqwdq qdqwdq qdqwdqqdqwdqqdqwdqqdqwdqqdqwdqqdqwdqqdqwdqqdqwdqqdqwdqqdqwdqqdqwdqqdqwdqqdqwdqqdqwdqqdqwdqqdqwdqqdqwdqqdqwdqqdqwdqqdqwdq qdqwdq qdqwdq qdqwdq qdqwdqqdqwdqqdqwdqqdqwdqqdqwdqqdqwdqqdqwdqqdqwdqqdqwdqqdqwdqqdqwdqqdqwdqqdqwdqqdqwdqqdqwdqqdqwdqqdqwdqqdqwdqqdqwdqqdqwdq qdqwdq qdqwdq qdqwdq qdqwdqqdqwdqqdqwdqqdqwdqqdqwdqqdqwdqqdqwdqqdqwdqqdqwdqqdqwdqqdqwdqqdqwdqqdqwdqqdqwdqqdqwdqqdqwdqqdqwdqqdqwdqqdqwdqqdqwdq qdqwdq qdqwdq qdqwdq qdqwdqqdqwdqqdqwdqqdqwdqqdqwdqqdqwdqqdqwdqqdqwdqqdqwdqqdqwdqqdqwdqqdqwdqqdqwdqqdqwdqqdqwdqqdqwdqqdqwdqqdqwdqqdqwdqqdqwdq qdqwdq qdqwdq qdqwdq qdqwdqqdqwdqqdqwdqqdqwdqqdqwdqqdqwdqqdqwdqqdqwdqqdqwdqqdqwdqqdqwdqqdqwdqqdqwdqqdqwdqqdqwdqqdqwdqqdqwdqqdqwdqqdqwdqqdqwdq qdqwdq qdqwdq qdqwdqqdqwdqqdqwdqqdqwdqqdqwdqqdqwdqqdqwdqqdqwdqqdqwdqqdqwdqqdqwdqqdqwdqqdqwdqqdqwdqqdqwdqqdqwdqqdqwdqqdqwdqqdqwdqqdqwdqqdqwdq qdqwdq qdqwdq qdqwdq qdqwdqqdqwdqqdqwdqqdqwdqqdqwdqqdqwdqqdqwdqqdqwdqqdqwdqqdqwdqqdqwdqqdqwdqqdqwdqqdqwdqqdqwdqqdqwdqqdqwdqqdqwdqqdqwdqqdqwdq qdqwdq qdqwdq qdqwdq qdqwdqqdqwdqqdqwdqqdqwdqqdqwdqqdqwdqqdqwdqqdqwdqqdqwdqqdqwdqqdqwdqqdqwdqqdqwdqqdqwdqqdqwdqqdqwdqqdqwdqqdqwdqqdqwdqqdqwdq qdqwdq qdqwdq qdqwdq qdqwdqqdqwdqqdqwdqqdqwdqqdqwdqqdqwdqqdqwdqqdqwdqqdqwdqqdqwdqqdqwdqqdqwdqqdqwdqqdqwdqqdqwdqqdqwdqqdqwdqqdqwdqqdqwdqqdqwdq qdqwdq qdqwdq qdqwdqqdqwdqqdqwdqqdqwdqqdqwdqqdqwdqqdqwdqqdqwdqqdqwdqqdqwdqqdqwdqqdqwdqqdqwdqqdqwdqqdqwdqqdqwdqqdqwdqqdqwdqqdqwdqqdqwdqqdqwdq qdqwdq qdqwdq qdqwdq qdqwdqqdqwdqqdqwdqqdqwdqqdqwdqqdqwdqqdqwdqqdqwdqqdqwdqqdqwdqqdqwdqqdqwdqqdqwdqqdqwdqqdqwdqqdqwdqqdqwdqqdqwdqqdqwdqqdqwdq qdqwdq qdqwdq qdqwdq qdqwdqqdqwdqqdqwdqqdqwdqqdqwdqqdqwdqqdqwdqqdqwdqqdqwdqqdqwdqqdqwdqqdqwdqqdqwdqqdqwdqqdqwdqqdqwdqqdqwdqqdqwdqqdqwdqqdqwdq qdqwdq qdqwdq qdqwdq qdqwdqqdqwdqqdqwdqqdqwdqqdqwdqqdqwdqqdqwdqqdqwdqqdqwdqqdqwdqqdqwdqqdqwdqqdqwdqqdqwdqqdqwdqqdqwdqqdqwdqqdqwdqqdqwdqqdqwdq qdqwdq qdqwdq qdqwdqqdqwdqqdqwdqqdqwdqqdqwdqqdqwdqqdqwdqqdqwdqqdqwdqqdqwdqqdqwdqqdqwdqqdqwdqqdqwdqqdqwdqqdqwdqqdqwdqqdqwdqqdqwdqqdqwdqqdqwdq qdqwdq qdqwdq qdqwdq qdqwdqqdqwdqqdqwdqqdqwdqqdqwdqqdqwdqqdqwdqqdqwdqqdqwdqqdqwdqqdqwdqqdqwdqqdqwdqqdqwdqqdqwdqqdqwdqqdqwdqqdqwdqqdqwdqqdqwdq qdqwdq qdqwdq qdqwdq qdqwdqqdqwdqqdqwdqqdqwdqqdqwdqqdqwdqqdqwdqqdqwdqqdqwdqqdqwdqqdqwdqqdqwdqqdqwdqqdqwdqqdqwdqqdqwdqqdqwdqqdqwdqqdqwdqqdqwdq qdqwdq qdqwdq qdqwdq qdqwdqqdqwdqqdqwdqqdqwdqqdqwdqqdqwdqqdqwdqqdqwdqqdqwdqqdqwdqqdqwdqqdqwdqqdqwdqqdqwdqqdqwdqqdqwdqqdqwdqqdqwdqqdqwdqqdqwdq qdqwdq qdqwdq qdqwdqqdqwdqqdqwdqqdqwdqqdqwdqqdqwdqqdqwdqqdqwdqqdqwdqqdqwdqqdqwdqqdqwdqqdqwdqqdqwdqqdqwdqqdqwdqqdqwdqqdqwdqqdqwdqqdqwdqqdqwdq qdqwdq qdqwdq qdqwdq qdqwdqqdqwdqqdqwdqqdqwdqqdqwdqqdqwdqqdqwdqqdqwdqqdqwdqqdqwdqqdqwdqqdqwdqqdqwdqqdqwdqqdqwdqqdqwdqqdqwdqqdqwdqqdqwdqqdqwdq qdqwdq qdqwdq qdqwdq qdqwdqqdqwdqqdqwdqqdqwdqqdqwdqqdqwdqqdqwdqqdqwdqqdqwdqqdqwdqqdqwdqqdqwdqqdqwdqqdqwdqqdqwdqqdqwdqqdqwdqqdqwdqqdqwdqqdqwdq qdqwdq qdqwdq qdqwdq qdqwdqqdqwdqqdqwdqqdqwdqqdqwdqqdqwdqqdqwdqqdqwdqqdqwdqqdqwdqqdqwdqqdqwdqqdqwdqqdqwdqqdqwdqqdqwdqqdqwdqqdqwdqqdqwdqqdqwdq qdqwdq qdqwdq qdqwdqqdqwdqqdqwdqqdqwdqqdqwdqqdqwdqqdqwdqqdqwdqqdqwdqqdqwdqqdqwdqqdqwdqqdqwdqqdqwdqqdqwdqqdqwdqqdqwdqqdqwdqqdqwdqqdqwdqqdqwdq qdqwdq qdqwdq qdqwdq qdqwdqqdqwdqqdqwdqqdqwdqqdqwdqqdqwdqqdqwdqqdqwdqqdqwdqqdqwdqqdqwdqqdqwdqqdqwdqqdqwdqqdqwdqqdqwdqqdqwdqqdqwdqqdqwdqqdqwdq qdqwdq qdqwdq qdqwdq qdqwdqqdqwdqqdqwdqqdqwdqqdqwdqqdqwdqqdqwdqqdqwdqqdqwdqqdqwdqqdqwdqqdqwdqqdqwdqqdqwdqqdqwdqqdqwdqqdqwdqqdqwdqqdqwdqqdqwdq qdqwdq qdqwdq qdqwdq qdqwdqqdqwdqqdqwdqqdqwdqqdqwdqqdqwdqqdqwdqqdqwdqqdqwdqqdqwdqqdqwdqqdqwdqqdqwdqqdqwdqqdqwdqqdqwdqqdqwdqqdqwdqqdqwdqqdqwdq qdqwdq qdqwdq qdqwdqqdqwdqqdqwdqqdqwdqqdqwdqqdqwdqqdqwdqqdqwdqqdqwdqqdqwdqqdqwdqqdqwdqqdqwdqqdqwdqqdqwdqqdqwdqqdqwdqqdqwdqqdqwdqqdqwdqqdqwdq qdqwdq qdqwdq qdqwdq qdqwdqqdqwdqqdqwdqqdqwdqqdqwdqqdqwdqqdqwdqqdqwdqqdqwdqqdqwdqqdqwdqqdqwdqqdqwdqqdqwdqqdqwdqqdqwdqqdqwdqqdqwdqqdqwdqqdqwdq qdqwdq qdqwdq qdqwdq qdqwdqqdqwdqqdqwdqqdqwdqqdqwdqqdqwdqqdqwdqqdqwdqqdqwdqqdqwdqqdqwdqqdqwdqqdqwdqqdqwdqqdqwdqqdqwdqqdqwdqqdqwdqqdqwdqqdqwdq qdqwdq qdqwdq qdqwdq qdqwdqqdqwdqqdqwdqqdqwdqqdqwdqqdqwdqqdqwdqqdqwdqqdqwdqqdqwdqqdqwdqqdqwdqqdqwdqqdqwdqqdqwdqqdqwdqqdqwdqqdqwdqqdqwdqqdqwdq qdqwdq qdqwdq qdqwdq\n\nqdqwdqqdqwdqqdqwdqqdqwdqqdqwdqqdqwdqqdqwdqqdqwdqqdqwdqqdqwdqqdqwdqqdqwdqqdqwdqqdqwdqqdqwdqqdqwdqqdqwdqqdqwdqqdqwdqqdqwdq qdqwdq qdqwdq qdqwdq qdqwdqqdqwdqqdqwdqqdqwdqqdqwdqqdqwdqqdqwdqqdqwdqqdqwdqqdqwdqqdqwdqqdqwdqqdqwdqqdqwdqqdqwdqqdqwdqqdqwdqqdqwdqqdqwdqqdqwdq qdqwdq qdqwdq qdqwdq qdqwdqqdqwdqqdqwdqqdqwdqqdqwdqqdqwdqqdqwdqqdqwdqqdqwdqqdqwdqqdqwdqqdqwdqqdqwdqqdqwdqqdqwdqqdqwdqqdqwdqqdqwdqqdqwdqqdqwdq qdqwdq qdqwdq qdqwdq qdqwdqqdqwdqqdqwdqqdqwdqqdqwdqqdqwdqqdqwdqqdqwdqqdqwdqqdqwdqqdqwdqqdqwdqqdqwdqqdqwdqqdqwdqqdqwdqqdqwdqqdqwdqqdqwdqqdqwdq qdqwdq qdqwdq qdqwdq qdqwdqqdqwdqqdqwdqqdqwdqqdqwdqqdqwdqqdqwdqqdqwdqqdqwdqqdqwdqqdqwdqqdqwdqqdqwdqqdqwdqqdqwdqqdqwdqqdqwdqqdqwdqqdqwdqqdqwdq qdqwdq qdqwdq qdqwdq qdqwdqqdqwdqqdqwdqqdqwdqqdqwdqqdqwdqqdqwdqqdqwdqqdqwdqqdqwdqqdqwdqqdqwdqqdqwdqqdqwdqqdqwdqqdqwdqqdqwdqqdqwdqqdqwdqqdqwdq qdqwdq qdqwdq qdqwdq qdqwdqqdqwdqqdqwdqqdqwdqqdqwdqqdqwdqqdqwdqqdqwdqqdqwdqqdqwdqqdqwdqqdqwdqqdqwdqqdqwdqqdqwdqqdqwdqqdqwdqqdqwdqqdqwdqqdqwdq qdqwdq qdqwdq qdqwdq qdqwdqqdqwdqqdqwdqqdqwdqqdqwdqqdqwdqqdqwdqqdqwdqqdqwdqqdqwdqqdqwdqqdqwdqqdqwdqqdqwdqqdqwdqqdqwdqqdqwdqqdqwdqqdqwdqqdqwdq qdqwdq qdqwdq qdqwdqqdqwdqqdqwdqqdqwdqqdqwdqqdqwdqqdqwdqqdqwdqqdqwdqqdqwdqqdqwdqqdqwdqqdqwdqqdqwdqqdqwdqqdqwdqqdqwdqqdqwdqqdqwdqqdqwdqqdqwdq qdqwdq qdqwdq qdqwdq qdqwdqqdqwdqqdqwdqqdqwdqqdqwdqqdqwdqqdqwdqqdqwdqqdqwdqqdqwdqqdqwdqqdqwdqqdqwdqqdqwdqqdqwdqqdqwdqqdqwdqqdqwdqqdqwdqqdqwdq qdqwdq qdqwdq qdqwdq qdqwdqqdqwdqqdqwdqqdqwdqqdqwdqqdqwdqqdqwdqqdqwdqqdqwdqqdqwdqqdqwdqqdqwdqqdqwdqqdqwdqqdqwdqqdqwdqqdqwdqqdqwdqqdqwdqqdqwdq qdqwdq qdqwdq qdqwdq qdqwdqqdqwdqqdqwdqqdqwdqqdqwdqqdqwdqqdqwdqqdqwdqqdqwdqqdqwdqqdqwdqqdqwdqqdqwdqqdqwdqqdqwdqqdqwdqqdqwdqqdqwdqqdqwdqqdqwdq qdqwdq qdqwdq qdqwdqqdqwdqqdqwdqqdqwdqqdqwdqqdqwdqqdqwdqqdqwdqqdqwdqqdqwdqqdqwdqqdqwdqqdqwdqqdqwdqqdqwdqqdqwdqqdqwdqqdqwdqqdqwdqqdqwdqqdqwdq qdqwdq qdqwdq qdqwdq qdqwdqqdqwdqqdqwdqqdqwdqqdqwdqqdqwdqqdqwdqqdqwdqqdqwdqqdqwdqqdqwdqqdqwdqqdqwdqqdqwdqqdqwdqqdqwdqqdqwdqqdqwdqqdqwdqqdqwdq qdqwdq qdqwdq qdqwdq qdqwdqqdqwdqqdqwdqqdqwdqqdqwdqqdqwdqqdqwdqqdqwdqqdqwdqqdqwdqqdqwdqqdqwdqqdqwdqqdqwdqqdqwdqqdqwdqqdqwdqqdqwdqqdqwdqqdqwdq qdqwdq qdqwdq qdqwdq qdqwdqqdqwdqqdqwdqqdqwdqqdqwdqqdqwdqqdqwdqqdqwdqqdqwdqqdqwdqqdqwdqqdqwdqqdqwdqqdqwdqqdqwdqqdqwdqqdqwdqqdqwdqqdqwdqqdqwdq qdqwdq qdqwdq qdqwdqqdqwdqqdqwdqqdqwdqqdqwdqqdqwdqqdqwdqqdqwdqqdqwdqqdqwdqqdqwdqqdqwdqqdqwdqqdqwdqqdqwdqqdqwdqqdqwdqqdqwdqqdqwdqqdqwdqqdqwdq qdqwdq qdqwdq qdqwdq qdqwdqqdqwdqqdqwdqqdqwdqqdqwdqqdqwdqqdqwdqqdqwdqqdqwdqqdqwdqqdqwdqqdqwdqqdqwdqqdqwdqqdqwdqqdqwdqqdqwdqqdqwdqqdqwdqqdqwdq qdqwdq qdqwdq qdqwdq qdqwdqqdqwdqqdqwdqqdqwdqqdqwdqqdqwdqqdqwdqqdqwdqqdqwdqqdqwdqqdqwdqqdqwdqqdqwdqqdqwdqqdqwdqqdqwdqqdqwdqqdqwdqqdqwdqqdqwdq qdqwdq qdqwdq qdqwdq qdqwdqqdqwdqqdqwdqqdqwdqqdqwdqqdqwdqqdqwdqqdqwdqqdqwdqqdqwdqqdqwdqqdqwdqqdqwdqqdqwdqqdqwdqqdqwdqqdqwdqqdqwdqqdqwdqqdqwdq qdqwdq qdqwdq qdqwdqqdqwdqqdqwdqqdqwdqqdqwdqqdqwdqqdqwdqqdqwdqqdqwdqqdqwdqqdqwdqqdqwdqqdqwdqqdqwdqqdqwdqqdqwdqqdqwdqqdqwdqqdqwdqqdqwdqqdqwdq qdqwdq qdqwdq qdqwdq qdqwdqqdqwdqqdqwdqqdqwdqqdqwdqqdqwdqqdqwdqqdqwdqqdqwdqqdqwdqqdqwdqqdqwdqqdqwdqqdqwdqqdqwdqqdqwdqqdqwdqqdqwdqqdqwdqqdqwdq qdqwdq qdqwdq qdqwdq qdqwdqqdqwdqqdqwdqqdqwdqqdqwdqqdqwdqqdqwdqqdqwdqqdqwdqqdqwdqqdqwdqqdqwdqqdqwdqqdqwdqqdqwdqqdqwdqqdqwdqqdqwdqqdqwdqqdqwdq qdqwdq qdqwdq qdqwdq qdqwdqqdqwdqqdqwdqqdqwdqqdqwdqqdqwdqqdqwdqqdqwdqqdqwdqqdqwdqqdqwdqqdqwdqqdqwdqqdqwdqqdqwdqqdqwdqqdqwdqqdqwdqqdqwdqqdqwdq qdqwdq qdqwdq qdqwdqqdqwdqqdqwdqqdqwdqqdqwdqqdqwdqqdqwdqqdqwdqqdqwdqqdqwdqqdqwdqqdqwdqqdqwdqqdqwdqqdqwdqqdqwdqqdqwdqqdqwdqqdqwdqqdqwdqqdqwdq qdqwdq qdqwdq qdqwdq qdqwdqqdqwdqqdqwdqqdqwdqqdqwdqqdqwdqqdqwdqqdqwdqqdqwdqqdqwdqqdqwdqqdqwdqqdqwdqqdqwdqqdqwdqqdqwdqqdqwdqqdqwdqqdqwdqqdqwdq qdqwdq qdqwdq qdqwdq qdqwdqqdqwdqqdqwdqqdqwdqqdqwdqqdqwdqqdqwdqqdqwdqqdqwdqqdqwdqqdqwdqqdqwdqqdqwdqqdqwdqqdqwdqqdqwdqqdqwdqqdqwdqqdqwdqqdqwdq qdqwdq qdqwdq qdqwdq qdqwdqqdqwdqqdqwdqqdqwdqqdqwdqqdqwdqqdqwdqqdqwdqqdqwdqqdqwdqqdqwdqqdqwdqqdqwdqqdqwdqqdqwdqqdqwdqqdqwdqqdqwdqqdqwdqqdqwdq qdqwdq qdqwdq qdqwdqqdqwdqqdqwdqqdqwdqqdqwdqqdqwdqqdqwdqqdqwdqqdqwdqqdqwdqqdqwdqqdqwdqqdqwdqqdqwdqqdqwdqqdqwdqqdqwdqqdqwdqqdqwdqqdqwdqqdqwdq qdqwdq qdqwdq qdqwdq qdqwdqqdqwdqqdqwdqqdqwdqqdqwdqqdqwdqqdqwdqqdqwdqqdqwdqqdqwdqqdqwdqqdqwdqqdqwdqqdqwdqqdqwdqqdqwdqqdqwdqqdqwdqqdqwdqqdqwdq qdqwdq qdqwdq qdqwdq qdqwdqqdqwdqqdqwdqqdqwdqqdqwdqqdqwdqqdqwdqqdqwdqqdqwdqqdqwdqqdqwdqqdqwdqqdqwdqqdqwdqqdqwdqqdqwdqqdqwdqqdqwdqqdqwdqqdqwdq qdqwdq qdqwdq qdqwdq qdqwdqqdqwdqqdqwdqqdqwdqqdqwdqqdqwdqqdqwdqqdqwdqqdqwdqqdqwdqqdqwdqqdqwdqqdqwdqqdqwdqqdqwdqqdqwdqqdqwdqqdqwdqqdqwdqqdqwdq qdqwdq qdqwdq qdqwdq\n\nqdqwdqqdqwdqqdqwdqqdqwdqqdqwdqqdqwdqqdqwdqqdqwdqqdqwdqqdqwdqqdqwdqqdqwdqqdqwdqqdqwdqqdqwdqqdqwdqqdqwdqqdqwdqqdqwdqqdqwdq qdqwdq qdqwdq qdqwdq qdqwdqqdqwdqqdqwdqqdqwdqqdqwdqqdqwdqqdqwdqqdqwdqqdqwdqqdqwdqqdqwdqqdqwdqqdqwdqqdqwdqqdqwdqqdqwdqqdqwdqqdqwdqqdqwdqqdqwdq qdqwdq qdqwdq qdqwdq qdqwdqqdqwdqqdqwdqqdqwdqqdqwdqqdqwdqqdqwdqqdqwdqqdqwdqqdqwdqqdqwdqqdqwdqqdqwdqqdqwdqqdqwdqqdqwdqqdqwdqqdqwdqqdqwdqqdqwdq qdqwdq qdqwdq qdqwdq qdqwdqqdqwdqqdqwdqqdqwdqqdqwdqqdqwdqqdqwdqqdqwdqqdqwdqqdqwdqqdqwdqqdqwdqqdqwdqqdqwdqqdqwdqqdqwdqqdqwdqqdqwdqqdqwdqqdqwdq qdqwdq qdqwdq qdqwdq qdqwdqqdqwdqqdqwdqqdqwdqqdqwdqqdqwdqqdqwdqqdqwdqqdqwdqqdqwdqqdqwdqqdqwdqqdqwdqqdqwdqqdqwdqqdqwdqqdqwdqqdqwdqqdqwdqqdqwdq qdqwdq qdqwdq qdqwdq qdqwdqqdqwdqqdqwdqqdqwdqqdqwdqqdqwdqqdqwdqqdqwdqqdqwdqqdqwdqqdqwdqqdqwdqqdqwdqqdqwdqqdqwdqqdqwdqqdqwdqqdqwdqqdqwdqqdqwdq qdqwdq qdqwdq qdqwdq qdqwdqqdqwdqqdqwdqqdqwdqqdqwdqqdqwdqqdqwdqqdqwdqqdqwdqqdqwdqqdqwdqqdqwdqqdqwdqqdqwdqqdqwdqqdqwdqqdqwdqqdqwdqqdqwdqqdqwdq qdqwdq qdqwdq qdqwdq qdqwdqqdqwdqqdqwdqqdqwdqqdqwdqqdqwdqqdqwdqqdqwdqqdqwdqqdqwdqqdqwdqqdqwdqqdqwdqqdqwdqqdqwdqqdqwdqqdqwdqqdqwdqqdqwdqqdqwdq qdqwdq qdqwdq qdqwdqqdqwdqqdqwdqqdqwdqqdqwdqqdqwdqqdqwdqqdqwdqqdqwdqqdqwdqqdqwdqqdqwdqqdqwdqqdqwdqqdqwdqqdqwdqqdqwdqqdqwdqqdqwdqqdqwdqqdqwdq qdqwdq qdqwdq qdqwdq qdqwdqqdqwdqqdqwdqqdqwdqqdqwdqqdqwdqqdqwdqqdqwdqqdqwdqqdqwdqqdqwdqqdqwdqqdqwdqqdqwdqqdqwdqqdqwdqqdqwdqqdqwdqqdqwdqqdqwdq qdqwdq qdqwdq qdqwdq qdqwdqqdqwdqqdqwdqqdqwdqqdqwdqqdqwdqqdqwdqqdqwdqqdqwdqqdqwdqqdqwdqqdqwdqqdqwdqqdqwdqqdqwdqqdqwdqqdqwdqqdqwdqqdqwdqqdqwdq qdqwdq qdqwdq qdqwdq qdqwdqqdqwdqqdqwdqqdqwdqqdqwdqqdqwdqqdqwdqqdqwdqqdqwdqqdqwdqqdqwdqqdqwdqqdqwdqqdqwdqqdqwdqqdqwdqqdqwdqqdqwdqqdqwdqqdqwdq qdqwdq qdqwdq qdqwdqqdqwdqqdqwdqqdqwdqqdqwdqqdqwdqqdqwdqqdqwdqqdqwdqqdqwdqqdqwdqqdqwdqqdqwdqqdqwdqqdqwdqqdqwdqqdqwdqqdqwdqqdqwdqqdqwdqqdqwdq qdqwdq qdqwdq qdqwdq qdqwdqqdqwdqqdqwdqqdqwdqqdqwdqqdqwdqqdqwdqqdqwdqqdqwdqqdqwdqqdqwdqqdqwdqqdqwdqqdqwdqqdqwdqqdqwdqqdqwdqqdqwdqqdqwdqqdqwdq qdqwdq qdqwdq qdqwdq qdqwdqqdqwdqqdqwdqqdqwdqqdqwdqqdqwdqqdqwdqqdqwdqqdqwdqqdqwdqqdqwdqqdqwdqqdqwdqqdqwdqqdqwdqqdqwdqqdqwdqqdqwdqqdqwdqqdqwdq qdqwdq qdqwdq qdqwdq qdqwdqqdqwdqqdqwdqqdqwdqqdqwdqqdqwdqqdqwdqqdqwdqqdqwdqqdqwdqqdqwdqqdqwdqqdqwdqqdqwdqqdqwdqqdqwdqqdqwdqqdqwdqqdqwdqqdqwdq qdqwdq qdqwdq qdqwdqqdqwdqqdqwdqqdqwdqqdqwdqqdqwdqqdqwdqqdqwdqqdqwdqqdqwdqqdqwdqqdqwdqqdqwdqqdqwdqqdqwdqqdqwdqqdqwdqqdqwdqqdqwdqqdqwdqqdqwdq qdqwdq qdqwdq qdqwdq qdqwdqqdqwdqqdqwdqqdqwdqqdqwdqqdqwdqqdqwdqqdqwdqqdqwdqqdqwdqqdqwdqqdqwdqqdqwdqqdqwdqqdqwdqqdqwdqqdqwdqqdqwdqqdqwdqqdqwdq qdqwdq qdqwdq qdqwdq qdqwdqqdqwdqqdqwdqqdqwdqqdqwdqqdqwdqqdqwdqqdqwdqqdqwdqqdqwdqqdqwdqqdqwdqqdqwdqqdqwdqqdqwdqqdqwdqqdqwdqqdqwdqqdqwdqqdqwdq qdqwdq qdqwdq qdqwdq qdqwdqqdqwdqqdqwdqqdqwdqqdqwdqqdqwdqqdqwdqqdqwdqqdqwdqqdqwdqqdqwdqqdqwdqqdqwdqqdqwdqqdqwdqqdqwdqqdqwdqqdqwdqqdqwdqqdqwdq qdqwdq qdqwdq qdqwdqqdqwdqqdqwdqqdqwdqqdqwdqqdqwdqqdqwdqqdqwdqqdqwdqqdqwdqqdqwdqqdqwdqqdqwdqqdqwdqqdqwdqqdqwdqqdqwdqqdqwdqqdqwdqqdqwdqqdqwdq qdqwdq qdqwdq qdqwdq qdqwdqqdqwdqqdqwdqqdqwdqqdqwdqqdqwdqqdqwdqqdqwdqqdqwdqqdqwdqqdqwdqqdqwdqqdqwdqqdqwdqqdqwdqqdqwdqqdqwdqqdqwdqqdqwdqqdqwdq qdqwdq qdqwdq qdqwdq qdqwdqqdqwdqqdqwdqqdqwdqqdqwdqqdqwdqqdqwdqqdqwdqqdqwdqqdqwdqqdqwdqqdqwdqqdqwdqqdqwdqqdqwdqqdqwdqqdqwdqqdqwdqqdqwdqqdqwdq qdqwdq qdqwdq qdqwdq qdqwdqqdqwdqqdqwdqqdqwdqqdqwdqqdqwdqqdqwdqqdqwdqqdqwdqqdqwdqqdqwdqqdqwdqqdqwdqqdqwdqqdqwdqqdqwdqqdqwdqqdqwdqqdqwdqqdqwdq qdqwdq qdqwdq qdqwdqqdqwdqqdqwdqqdqwdqqdqwdqqdqwdqqdqwdqqdqwdqqdqwdqqdqwdqqdqwdqqdqwdqqdqwdqqdqwdqqdqwdqqdqwdqqdqwdqqdqwdqqdqwdqqdqwdqqdqwdq qdqwdq qdqwdq qdqwdq qdqwdqqdqwdqqdqwdqqdqwdqqdqwdqqdqwdqqdqwdqqdqwdqqdqwdqqdqwdqqdqwdqqdqwdqqdqwdqqdqwdqqdqwdqqdqwdqqdqwdqqdqwdqqdqwdqqdqwdq qdqwdq qdqwdq qdqwdq qdqwdqqdqwdqqdqwdqqdqwdqqdqwdqqdqwdqqdqwdqqdqwdqqdqwdqqdqwdqqdqwdqqdqwdqqdqwdqqdqwdqqdqwdqqdqwdqqdqwdqqdqwdqqdqwdqqdqwdq qdqwdq qdqwdq qdqwdq qdqwdqqdqwdqqdqwdqqdqwdqqdqwdqqdqwdqqdqwdqqdqwdqqdqwdqqdqwdqqdqwdqqdqwdqqdqwdqqdqwdqqdqwdqqdqwdqqdqwdqqdqwdqqdqwdqqdqwdq qdqwdq qdqwdq qdqwdqqdqwdqqdqwdqqdqwdqqdqwdqqdqwdqqdqwdqqdqwdqqdqwdqqdqwdqqdqwdqqdqwdqqdqwdqqdqwdqqdqwdqqdqwdqqdqwdqqdqwdqqdqwdqqdqwdqqdqwdq qdqwdq qdqwdq qdqwdq qdqwdqqdqwdqqdqwdqqdqwdqqdqwdqqdqwdqqdqwdqqdqwdqqdqwdqqdqwdqqdqwdqqdqwdqqdqwdqqdqwdqqdqwdqqdqwdqqdqwdqqdqwdqqdqwdqqdqwdq qdqwdq qdqwdq qdqwdq qdqwdqqdqwdqqdqwdqqdqwdqqdqwdqqdqwdqqdqwdqqdqwdqqdqwdqqdqwdqqdqwdqqdqwdqqdqwdqqdqwdqqdqwdqqdqwdqqdqwdqqdqwdqqdqwdqqdqwdq qdqwdq qdqwdq qdqwdq qdqwdqqdqwdqqdqwdqqdqwdqqdqwdqqdqwdqqdqwdqqdqwdqqdqwdqqdqwdqqdqwdqqdqwdqqdqwdqqdqwdqqdqwdqqdqwdqqdqwdqqdqwdqqdqwdqqdqwdq qdqwdq qdqwdq qdqwdq\n\nqdqwdqqdqwdqqdqwdqqdqwdqqdqwdqqdqwdqqdqwdqqdqwdqqdqwdqqdqwdqqdqwdqqdqwdqqdqwdqqdqwdqqdqwdqqdqwdqqdqwdqqdqwdqqdqwdqqdqwdq qdqwdq qdqwdq qdqwdq qdqwdqqdqwdqqdqwdqqdqwdqqdqwdqqdqwdqqdqwdqqdqwdqqdqwdqqdqwdqqdqwdqqdqwdqqdqwdqqdqwdqqdqwdqqdqwdqqdqwdqqdqwdqqdqwdqqdqwdq qdqwdq qdqwdq qdqwdq qdqwdqqdqwdqqdqwdqqdqwdqqdqwdqqdqwdqqdqwdqqdqwdqqdqwdqqdqwdqqdqwdqqdqwdqqdqwdqqdqwdqqdqwdqqdqwdqqdqwdqqdqwdqqdqwdqqdqwdq qdqwdq qdqwdq qdqwdq qdqwdqqdqwdqqdqwdqqdqwdqqdqwdqqdqwdqqdqwdqqdqwdqqdqwdqqdqwdqqdqwdqqdqwdqqdqwdqqdqwdqqdqwdqqdqwdqqdqwdqqdqwdqqdqwdqqdqwdq qdqwdq qdqwdq qdqwdq qdqwdqqdqwdqqdqwdqqdqwdqqdqwdqqdqwdqqdqwdqqdqwdqqdqwdqqdqwdqqdqwdqqdqwdqqdqwdqqdqwdqqdqwdqqdqwdqqdqwdqqdqwdqqdqwdqqdqwdq qdqwdq qdqwdq qdqwdq qdqwdqqdqwdqqdqwdqqdqwdqqdqwdqqdqwdqqdqwdqqdqwdqqdqwdqqdqwdqqdqwdqqdqwdqqdqwdqqdqwdqqdqwdqqdqwdqqdqwdqqdqwdqqdqwdqqdqwdq qdqwdq qdqwdq qdqwdq qdqwdqqdqwdqqdqwdqqdqwdqqdqwdqqdqwdqqdqwdqqdqwdqqdqwdqqdqwdqqdqwdqqdqwdqqdqwdqqdqwdqqdqwdqqdqwdqqdqwdqqdqwdqqdqwdqqdqwdq qdqwdq qdqwdq qdqwdq qdqwdqqdqwdqqdqwdqqdqwdqqdqwdqqdqwdqqdqwdqqdqwdqqdqwdqqdqwdqqdqwdqqdqwdqqdqwdqqdqwdqqdqwdqqdqwdqqdqwdqqdqwdqqdqwdqqdqwdq qdqwdq qdqwdq qdqwdqqdqwdqqdqwdqqdqwdqqdqwdqqdqwdqqdqwdqqdqwdqqdqwdqqdqwdqqdqwdqqdqwdqqdqwdqqdqwdqqdqwdqqdqwdqqdqwdqqdqwdqqdqwdqqdqwdqqdqwdq qdqwdq qdqwdq qdqwdq qdqwdqqdqwdqqdqwdqqdqwdqqdqwdqqdqwdqqdqwdqqdqwdqqdqwdqqdqwdqqdqwdqqdqwdqqdqwdqqdqwdqqdqwdqqdqwdqqdqwdqqdqwdqqdqwdqqdqwdq qdqwdq qdqwdq qdqwdq qdqwdqqdqwdqqdqwdqqdqwdqqdqwdqqdqwdqqdqwdqqdqwdqqdqwdqqdqwdqqdqwdqqdqwdqqdqwdqqdqwdqqdqwdqqdqwdqqdqwdqqdqwdqqdqwdqqdqwdq qdqwdq qdqwdq qdqwdq qdqwdqqdqwdqqdqwdqqdqwdqqdqwdqqdqwdqqdqwdqqdqwdqqdqwdqqdqwdqqdqwdqqdqwdqqdqwdqqdqwdqqdqwdqqdqwdqqdqwdqqdqwdqqdqwdqqdqwdq qdqwdq qdqwdq qdqwdqqdqwdqqdqwdqqdqwdqqdqwdqqdqwdqqdqwdqqdqwdqqdqwdqqdqwdqqdqwdqqdqwdqqdqwdqqdqwdqqdqwdqqdqwdqqdqwdqqdqwdqqdqwdqqdqwdqqdqwdq qdqwdq qdqwdq qdqwdq qdqwdqqdqwdqqdqwdqqdqwdqqdqwdqqdqwdqqdqwdqqdqwdqqdqwdqqdqwdqqdqwdqqdqwdqqdqwdqqdqwdqqdqwdqqdqwdqqdqwdqqdqwdqqdqwdqqdqwdq qdqwdq qdqwdq qdqwdq qdqwdqqdqwdqqdqwdqqdqwdqqdqwdqqdqwdqqdqwdqqdqwdqqdqwdqqdqwdqqdqwdqqdqwdqqdqwdqqdqwdqqdqwdqqdqwdqqdqwdqqdqwdqqdqwdqqdqwdq qdqwdq qdqwdq qdqwdq qdqwdqqdqwdqqdqwdqqdqwdqqdqwdqqdqwdqqdqwdqqdqwdqqdqwdqqdqwdqqdqwdqqdqwdqqdqwdqqdqwdqqdqwdqqdqwdqqdqwdqqdqwdqqdqwdqqdqwdq qdqwdq qdqwdq qdqwdqqdqwdqqdqwdqqdqwdqqdqwdqqdqwdqqdqwdqqdqwdqqdqwdqqdqwdqqdqwdqqdqwdqqdqwdqqdqwdqqdqwdqqdqwdqqdqwdqqdqwdqqdqwdqqdqwdqqdqwdq qdqwdq qdqwdq qdqwdq qdqwdqqdqwdqqdqwdqqdqwdqqdqwdqqdqwdqqdqwdqqdqwdqqdqwdqqdqwdqqdqwdqqdqwdqqdqwdqqdqwdqqdqwdqqdqwdqqdqwdqqdqwdqqdqwdqqdqwdq qdqwdq qdqwdq qdqwdq qdqwdqqdqwdqqdqwdqqdqwdqqdqwdqqdqwdqqdqwdqqdqwdqqdqwdqqdqwdqqdqwdqqdqwdqqdqwdqqdqwdqqdqwdqqdqwdqqdqwdqqdqwdqqdqwdqqdqwdq qdqwdq qdqwdq qdqwdq qdqwdqqdqwdqqdqwdqqdqwdqqdqwdqqdqwdqqdqwdqqdqwdqqdqwdqqdqwdqqdqwdqqdqwdqqdqwdqqdqwdqqdqwdqqdqwdqqdqwdqqdqwdqqdqwdqqdqwdq qdqwdq qdqwdq qdqwdqqdqwdqqdqwdqqdqwdqqdqwdqqdqwdqqdqwdqqdqwdqqdqwdqqdqwdqqdqwdqqdqwdqqdqwdqqdqwdqqdqwdqqdqwdqqdqwdqqdqwdqqdqwdqqdqwdqqdqwdq qdqwdq qdqwdq qdqwdq qdqwdqqdqwdqqdqwdqqdqwdqqdqwdqqdqwdqqdqwdqqdqwdqqdqwdqqdqwdqqdqwdqqdqwdqqdqwdqqdqwdqqdqwdqqdqwdqqdqwdqqdqwdqqdqwdqqdqwdq qdqwdq qdqwdq qdqwdq qdqwdqqdqwdqqdqwdqqdqwdqqdqwdqqdqwdqqdqwdqqdqwdqqdqwdqqdqwdqqdqwdqqdqwdqqdqwdqqdqwdqqdqwdqqdqwdqqdqwdqqdqwdqqdqwdqqdqwdq qdqwdq qdqwdq qdqwdq qdqwdqqdqwdqqdqwdqqdqwdqqdqwdqqdqwdqqdqwdqqdqwdqqdqwdqqdqwdqqdqwdqqdqwdqqdqwdqqdqwdqqdqwdqqdqwdqqdqwdqqdqwdqqdqwdqqdqwdq qdqwdq qdqwdq qdqwdqqdqwdqqdqwdqqdqwdqqdqwdqqdqwdqqdqwdqqdqwdqqdqwdqqdqwdqqdqwdqqdqwdqqdqwdqqdqwdqqdqwdqqdqwdqqdqwdqqdqwdqqdqwdqqdqwdqqdqwdq qdqwdq qdqwdq qdqwdq qdqwdqqdqwdqqdqwdqqdqwdqqdqwdqqdqwdqqdqwdqqdqwdqqdqwdqqdqwdqqdqwdqqdqwdqqdqwdqqdqwdqqdqwdqqdqwdqqdqwdqqdqwdqqdqwdqqdqwdq qdqwdq qdqwdq qdqwdq qdqwdqqdqwdqqdqwdqqdqwdqqdqwdqqdqwdqqdqwdqqdqwdqqdqwdqqdqwdqqdqwdqqdqwdqqdqwdqqdqwdqqdqwdqqdqwdqqdqwdqqdqwdqqdqwdqqdqwdq qdqwdq qdqwdq qdqwdq qdqwdqqdqwdqqdqwdqqdqwdqqdqwdqqdqwdqqdqwdqqdqwdqqdqwdqqdqwdqqdqwdqqdqwdqqdqwdqqdqwdqqdqwdqqdqwdqqdqwdqqdqwdqqdqwdqqdqwdq qdqwdq qdqwdq qdqwdqqdqwdqqdqwdqqdqwdqqdqwdqqdqwdqqdqwdqqdqwdqqdqwdqqdqwdqqdqwdqqdqwdqqdqwdqqdqwdqqdqwdqqdqwdqqdqwdqqdqwdqqdqwdqqdqwdqqdqwdq qdqwdq qdqwdq qdqwdq qdqwdqqdqwdqqdqwdqqdqwdqqdqwdqqdqwdqqdqwdqqdqwdqqdqwdqqdqwdqqdqwdqqdqwdqqdqwdqqdqwdqqdqwdqqdqwdqqdqwdqqdqwdqqdqwdqqdqwdq qdqwdq qdqwdq qdqwdq qdqwdqqdqwdqqdqwdqqdqwdqqdqwdqqdqwdqqdqwdqqdqwdqqdqwdqqdqwdqqdqwdqqdqwdqqdqwdqqdqwdqqdqwdqqdqwdqqdqwdqqdqwdqqdqwdqqdqwdq qdqwdq qdqwdq qdqwdq qdqwdqqdqwdqqdqwdqqdqwdqqdqwdqqdqwdqqdqwdqqdqwdqqdqwdqqdqwdqqdqwdqqdqwdqqdqwdqqdqwdqqdqwdqqdqwdqqdqwdqqdqwdqqdqwdqqdqwdq qdqwdq qdqwdq qdqwdq\n\nqdqwdqqdqwdqqdqwdqqdqwdqqdqwdqqdqwdqqdqwdqqdqwdqqdqwdqqdqwdqqdqwdqqdqwdqqdqwdqqdqwdqqdqwdqqdqwdqqdqwdqqdqwdqqdqwdqqdqwdq qdqwdq qdqwdq qdqwdq qdqwdqqdqwdqqdqwdqqdqwdqqdqwdqqdqwdqqdqwdqqdqwdqqdqwdqqdqwdqqdqwdqqdqwdqqdqwdqqdqwdqqdqwdqqdqwdqqdqwdqqdqwdqqdqwdqqdqwdq qdqwdq qdqwdq qdqwdq qdqwdqqdqwdqqdqwdqqdqwdqqdqwdqqdqwdqqdqwdqqdqwdqqdqwdqqdqwdqqdqwdqqdqwdqqdqwdqqdqwdqqdqwdqqdqwdqqdqwdqqdqwdqqdqwdqqdqwdq qdqwdq qdqwdq qdqwdq qdqwdqqdqwdqqdqwdqqdqwdqqdqwdqqdqwdqqdqwdqqdqwdqqdqwdqqdqwdqqdqwdqqdqwdqqdqwdqqdqwdqqdqwdqqdqwdqqdqwdqqdqwdqqdqwdqqdqwdq qdqwdq qdqwdq qdqwdq qdqwdqqdqwdqqdqwdqqdqwdqqdqwdqqdqwdqqdqwdqqdqwdqqdqwdqqdqwdqqdqwdqqdqwdqqdqwdqqdqwdqqdqwdqqdqwdqqdqwdqqdqwdqqdqwdqqdqwdq qdqwdq qdqwdq qdqwdq qdqwdqqdqwdqqdqwdqqdqwdqqdqwdqqdqwdqqdqwdqqdqwdqqdqwdqqdqwdqqdqwdqqdqwdqqdqwdqqdqwdqqdqwdqqdqwdqqdqwdqqdqwdqqdqwdqqdqwdq qdqwdq qdqwdq qdqwdq qdqwdqqdqwdqqdqwdqqdqwdqqdqwdqqdqwdqqdqwdqqdqwdqqdqwdqqdqwdqqdqwdqqdqwdqqdqwdqqdqwdqqdqwdqqdqwdqqdqwdqqdqwdqqdqwdqqdqwdq qdqwdq qdqwdq qdqwdq qdqwdqqdqwdqqdqwdqqdqwdqqdqwdqqdqwdqqdqwdqqdqwdqqdqwdqqdqwdqqdqwdqqdqwdqqdqwdqqdqwdqqdqwdqqdqwdqqdqwdqqdqwdqqdqwdqqdqwdq qdqwdq qdqwdq qdqwdqqdqwdqqdqwdqqdqwdqqdqwdqqdqwdqqdqwdqqdqwdqqdqwdqqdqwdqqdqwdqqdqwdqqdqwdqqdqwdqqdqwdqqdqwdqqdqwdqqdqwdqqdqwdqqdqwdqqdqwdq qdqwdq qdqwdq qdqwdq qdqwdqqdqwdqqdqwdqqdqwdqqdqwdqqdqwdqqdqwdqqdqwdqqdqwdqqdqwdqqdqwdqqdqwdqqdqwdqqdqwdqqdqwdqqdqwdqqdqwdqqdqwdqqdqwdqqdqwdq qdqwdq qdqwdq qdqwdq qdqwdqqdqwdqqdqwdqqdqwdqqdqwdqqdqwdqqdqwdqqdqwdqqdqwdqqdqwdqqdqwdqqdqwdqqdqwdqqdqwdqqdqwdqqdqwdqqdqwdqqdqwdqqdqwdqqdqwdq qdqwdq qdqwdq qdqwdq qdqwdqqdqwdqqdqwdqqdqwdqqdqwdqqdqwdqqdqwdqqdqwdqqdqwdqqdqwdqqdqwdqqdqwdqqdqwdqqdqwdqqdqwdqqdqwdqqdqwdqqdqwdqqdqwdqqdqwdq qdqwdq qdqwdq qdqwdqqdqwdqqdqwdqqdqwdqqdqwdqqdqwdqqdqwdqqdqwdqqdqwdqqdqwdqqdqwdqqdqwdqqdqwdqqdqwdqqdqwdqqdqwdqqdqwdqqdqwdqqdqwdqqdqwdqqdqwdq qdqwdq qdqwdq qdqwdq qdqwdqqdqwdqqdqwdqqdqwdqqdqwdqqdqwdqqdqwdqqdqwdqqdqwdqqdqwdqqdqwdqqdqwdqqdqwdqqdqwdqqdqwdqqdqwdqqdqwdqqdqwdqqdqwdqqdqwdq qdqwdq qdqwdq qdqwdq qdqwdqqdqwdqqdqwdqqdqwdqqdqwdqqdqwdqqdqwdqqdqwdqqdqwdqqdqwdqqdqwdqqdqwdqqdqwdqqdqwdqqdqwdqqdqwdqqdqwdqqdqwdqqdqwdqqdqwdq qdqwdq qdqwdq qdqwdq qdqwdqqdqwdqqdqwdqqdqwdqqdqwdqqdqwdqqdqwdqqdqwdqqdqwdqqdqwdqqdqwdqqdqwdqqdqwdqqdqwdqqdqwdqqdqwdqqdqwdqqdqwdqqdqwdqqdqwdq qdqwdq qdqwdq qdqwdqqdqwdqqdqwdqqdqwdqqdqwdqqdqwdqqdqwdqqdqwdqqdqwdqqdqwdqqdqwdqqdqwdqqdqwdqqdqwdqqdqwdqqdqwdqqdqwdqqdqwdqqdqwdqqdqwdqqdqwdq qdqwdq qdqwdq qdqwdq qdqwdqqdqwdqqdqwdqqdqwdqqdqwdqqdqwdqqdqwdqqdqwdqqdqwdqqdqwdqqdqwdqqdqwdqqdqwdqqdqwdqqdqwdqqdqwdqqdqwdqqdqwdqqdqwdqqdqwdq qdqwdq qdqwdq qdqwdq qdqwdqqdqwdqqdqwdqqdqwdqqdqwdqqdqwdqqdqwdqqdqwdqqdqwdqqdqwdqqdqwdqqdqwdqqdqwdqqdqwdqqdqwdqqdqwdqqdqwdqqdqwdqqdqwdqqdqwdq qdqwdq qdqwdq qdqwdq qdqwdqqdqwdqqdqwdqqdqwdqqdqwdqqdqwdqqdqwdqqdqwdqqdqwdqqdqwdqqdqwdqqdqwdqqdqwdqqdqwdqqdqwdqqdqwdqqdqwdqqdqwdqqdqwdqqdqwdq qdqwdq qdqwdq qdqwdqqdqwdqqdqwdqqdqwdqqdqwdqqdqwdqqdqwdqqdqwdqqdqwdqqdqwdqqdqwdqqdqwdqqdqwdqqdqwdqqdqwdqqdqwdqqdqwdqqdqwdqqdqwdqqdqwdqqdqwdq qdqwdq qdqwdq qdqwdq qdqwdqqdqwdqqdqwdqqdqwdqqdqwdqqdqwdqqdqwdqqdqwdqqdqwdqqdqwdqqdqwdqqdqwdqqdqwdqqdqwdqqdqwdqqdqwdqqdqwdqqdqwdqqdqwdqqdqwdq qdqwdq qdqwdq qdqwdq qdqwdqqdqwdqqdqwdqqdqwdqqdqwdqqdqwdqqdqwdqqdqwdqqdqwdqqdqwdqqdqwdqqdqwdqqdqwdqqdqwdqqdqwdqqdqwdqqdqwdqqdqwdqqdqwdqqdqwdq qdqwdq qdqwdq qdqwdq qdqwdqqdqwdqqdqwdqqdqwdqqdqwdqqdqwdqqdqwdqqdqwdqqdqwdqqdqwdqqdqwdqqdqwdqqdqwdqqdqwdqqdqwdqqdqwdqqdqwdqqdqwdqqdqwdqqdqwdq qdqwdq qdqwdq qdqwdqqdqwdqqdqwdqqdqwdqqdqwdqqdqwdqqdqwdqqdqwdqqdqwdqqdqwdqqdqwdqqdqwdqqdqwdqqdqwdqqdqwdqqdqwdqqdqwdqqdqwdqqdqwdqqdqwdqqdqwdq qdqwdq qdqwdq qdqwdq qdqwdqqdqwdqqdqwdqqdqwdqqdqwdqqdqwdqqdqwdqqdqwdqqdqwdqqdqwdqqdqwdqqdqwdqqdqwdqqdqwdqqdqwdqqdqwdqqdqwdqqdqwdqqdqwdqqdqwdq qdqwdq qdqwdq qdqwdq qdqwdqqdqwdqqdqwdqqdqwdqqdqwdqqdqwdqqdqwdqqdqwdqqdqwdqqdqwdqqdqwdqqdqwdqqdqwdqqdqwdqqdqwdqqdqwdqqdqwdqqdqwdqqdqwdqqdqwdq qdqwdq qdqwdq qdqwdq qdqwdqqdqwdqqdqwdqqdqwdqqdqwdqqdqwdqqdqwdqqdqwdqqdqwdqqdqwdqqdqwdqqdqwdqqdqwdqqdqwdqqdqwdqqdqwdqqdqwdqqdqwdqqdqwdqqdqwdq qdqwdq qdqwdq qdqwdqqdqwdqqdqwdqqdqwdqqdqwdqqdqwdqqdqwdqqdqwdqqdqwdqqdqwdqqdqwdqqdqwdqqdqwdqqdqwdqqdqwdqqdqwdqqdqwdqqdqwdqqdqwdqqdqwdqqdqwdq qdqwdq qdqwdq qdqwdq qdqwdqqdqwdqqdqwdqqdqwdqqdqwdqqdqwdqqdqwdqqdqwdqqdqwdqqdqwdqqdqwdqqdqwdqqdqwdqqdqwdqqdqwdqqdqwdqqdqwdqqdqwdqqdqwdqqdqwdq qdqwdq qdqwdq qdqwdq qdqwdqqdqwdqqdqwdqqdqwdqqdqwdqqdqwdqqdqwdqqdqwdqqdqwdqqdqwdqqdqwdqqdqwdqqdqwdqqdqwdqqdqwdqqdqwdqqdqwdqqdqwdqqdqwdqqdqwdq qdqwdq qdqwdq qdqwdq qdqwdqqdqwdqqdqwdqqdqwdqqdqwdqqdqwdqqdqwdqqdqwdqqdqwdqqdqwdqqdqwdqqdqwdqqdqwdqqdqwdqqdqwdqqdqwdqqdqwdqqdqwdqqdqwdqqdqwdq qdqwdq qdqwdq qdqwdq\n\nqdqwdqqdqwdqqdqwdqqdqwdqqdqwdqqdqwdqqdqwdqqdqwdqqdqwdqqdqwdqqdqwdqqdqwdqqdqwdqqdqwdqqdqwdqqdqwdqqdqwdqqdqwdqqdqwdqqdqwdq qdqwdq qdqwdq qdqwdq qdqwdqqdqwdqqdqwdqqdqwdqqdqwdqqdqwdqqdqwdqqdqwdqqdqwdqqdqwdqqdqwdqqdqwdqqdqwdqqdqwdqqdqwdqqdqwdqqdqwdqqdqwdqqdqwdqqdqwdq qdqwdq qdqwdq qdqwdq qdqwdqqdqwdqqdqwdqqdqwdqqdqwdqqdqwdqqdqwdqqdqwdqqdqwdqqdqwdqqdqwdqqdqwdqqdqwdqqdqwdqqdqwdqqdqwdqqdqwdqqdqwdqqdqwdqqdqwdq qdqwdq qdqwdq qdqwdq qdqwdqqdqwdqqdqwdqqdqwdqqdqwdqqdqwdqqdqwdqqdqwdqqdqwdqqdqwdqqdqwdqqdqwdqqdqwdqqdqwdqqdqwdqqdqwdqqdqwdqqdqwdqqdqwdqqdqwdq qdqwdq qdqwdq qdqwdq qdqwdqqdqwdqqdqwdqqdqwdqqdqwdqqdqwdqqdqwdqqdqwdqqdqwdqqdqwdqqdqwdqqdqwdqqdqwdqqdqwdqqdqwdqqdqwdqqdqwdqqdqwdqqdqwdqqdqwdq qdqwdq qdqwdq qdqwdq qdqwdqqdqwdqqdqwdqqdqwdqqdqwdqqdqwdqqdqwdqqdqwdqqdqwdqqdqwdqqdqwdqqdqwdqqdqwdqqdqwdqqdqwdqqdqwdqqdqwdqqdqwdqqdqwdqqdqwdq qdqwdq qdqwdq qdqwdq qdqwdqqdqwdqqdqwdqqdqwdqqdqwdqqdqwdqqdqwdqqdqwdqqdqwdqqdqwdqqdqwdqqdqwdqqdqwdqqdqwdqqdqwdqqdqwdqqdqwdqqdqwdqqdqwdqqdqwdq qdqwdq qdqwdq qdqwdq qdqwdqqdqwdqqdqwdqqdqwdqqdqwdqqdqwdqqdqwdqqdqwdqqdqwdqqdqwdqqdqwdqqdqwdqqdqwdqqdqwdqqdqwdqqdqwdqqdqwdqqdqwdqqdqwdqqdqwdq qdqwdq qdqwdq qdqwdqqdqwdqqdqwdqqdqwdqqdqwdqqdqwdqqdqwdqqdqwdqqdqwdqqdqwdqqdqwdqqdqwdqqdqwdqqdqwdqqdqwdqqdqwdqqdqwdqqdqwdqqdqwdqqdqwdqqdqwdq qdqwdq qdqwdq qdqwdq qdqwdqqdqwdqqdqwdqqdqwdqqdqwdqqdqwdqqdqwdqqdqwdqqdqwdqqdqwdqqdqwdqqdqwdqqdqwdqqdqwdqqdqwdqqdqwdqqdqwdqqdqwdqqdqwdqqdqwdq qdqwdq qdqwdq qdqwdq qdqwdqqdqwdqqdqwdqqdqwdqqdqwdqqdqwdqqdqwdqqdqwdqqdqwdqqdqwdqqdqwdqqdqwdqqdqwdqqdqwdqqdqwdqqdqwdqqdqwdqqdqwdqqdqwdqqdqwdq qdqwdq qdqwdq qdqwdq qdqwdqqdqwdqqdqwdqqdqwdqqdqwdqqdqwdqqdqwdqqdqwdqqdqwdqqdqwdqqdqwdqqdqwdqqdqwdqqdqwdqqdqwdqqdqwdqqdqwdqqdqwdqqdqwdqqdqwdq qdqwdq qdqwdq qdqwdqqdqwdqqdqwdqqdqwdqqdqwdqqdqwdqqdqwdqqdqwdqqdqwdqqdqwdqqdqwdqqdqwdqqdqwdqqdqwdqqdqwdqqdqwdqqdqwdqqdqwdqqdqwdqqdqwdqqdqwdq qdqwdq qdqwdq qdqwdq qdqwdqqdqwdqqdqwdqqdqwdqqdqwdqqdqwdqqdqwdqqdqwdqqdqwdqqdqwdqqdqwdqqdqwdqqdqwdqqdqwdqqdqwdqqdqwdqqdqwdqqdqwdqqdqwdqqdqwdq qdqwdq qdqwdq qdqwdq qdqwdqqdqwdqqdqwdqqdqwdqqdqwdqqdqwdqqdqwdqqdqwdqqdqwdqqdqwdqqdqwdqqdqwdqqdqwdqqdqwdqqdqwdqqdqwdqqdqwdqqdqwdqqdqwdqqdqwdq qdqwdq qdqwdq qdqwdq qdqwdqqdqwdqqdqwdqqdqwdqqdqwdqqdqwdqqdqwdqqdqwdqqdqwdqqdqwdqqdqwdqqdqwdqqdqwdqqdqwdqqdqwdqqdqwdqqdqwdqqdqwdqqdqwdqqdqwdq qdqwdq qdqwdq qdqwdqqdqwdqqdqwdqqdqwdqqdqwdqqdqwdqqdqwdqqdqwdqqdqwdqqdqwdqqdqwdqqdqwdqqdqwdqqdqwdqqdqwdqqdqwdqqdqwdqqdqwdqqdqwdqqdqwdqqdqwdq qdqwdq qdqwdq qdqwdq qdqwdqqdqwdqqdqwdqqdqwdqqdqwdqqdqwdqqdqwdqqdqwdqqdqwdqqdqwdqqdqwdqqdqwdqqdqwdqqdqwdqqdqwdqqdqwdqqdqwdqqdqwdqqdqwdqqdqwdq qdqwdq qdqwdq qdqwdq qdqwdqqdqwdqqdqwdqqdqwdqqdqwdqqdqwdqqdqwdqqdqwdqqdqwdqqdqwdqqdqwdqqdqwdqqdqwdqqdqwdqqdqwdqqdqwdqqdqwdqqdqwdqqdqwdqqdqwdq qdqwdq qdqwdq qdqwdq qdqwdqqdqwdqqdqwdqqdqwdqqdqwdqqdqwdqqdqwdqqdqwdqqdqwdqqdqwdqqdqwdqqdqwdqqdqwdqqdqwdqqdqwdqqdqwdqqdqwdqqdqwdqqdqwdqqdqwdq qdqwdq qdqwdq qdqwdqqdqwdqqdqwdqqdqwdqqdqwdqqdqwdqqdqwdqqdqwdqqdqwdqqdqwdqqdqwdqqdqwdqqdqwdqqdqwdqqdqwdqqdqwdqqdqwdqqdqwdqqdqwdqqdqwdqqdqwdq qdqwdq qdqwdq qdqwdq qdqwdqqdqwdqqdqwdqqdqwdqqdqwdqqdqwdqqdqwdqqdqwdqqdqwdqqdqwdqqdqwdqqdqwdqqdqwdqqdqwdqqdqwdqqdqwdqqdqwdqqdqwdqqdqwdqqdqwdq qdqwdq qdqwdq qdqwdq qdqwdqqdqwdqqdqwdqqdqwdqqdqwdqqdqwdqqdqwdqqdqwdqqdqwdqqdqwdqqdqwdqqdqwdqqdqwdqqdqwdqqdqwdqqdqwdqqdqwdqqdqwdqqdqwdqqdqwdq qdqwdq qdqwdq qdqwdq qdqwdqqdqwdqqdqwdqqdqwdqqdqwdqqdqwdqqdqwdqqdqwdqqdqwdqqdqwdqqdqwdqqdqwdqqdqwdqqdqwdqqdqwdqqdqwdqqdqwdqqdqwdqqdqwdqqdqwdq qdqwdq qdqwdq qdqwdqqdqwdqqdqwdqqdqwdqqdqwdqqdqwdqqdqwdqqdqwdqqdqwdqqdqwdqqdqwdqqdqwdqqdqwdqqdqwdqqdqwdqqdqwdqqdqwdqqdqwdqqdqwdqqdqwdqqdqwdq qdqwdq qdqwdq qdqwdq qdqwdqqdqwdqqdqwdqqdqwdqqdqwdqqdqwdqqdqwdqqdqwdqqdqwdqqdqwdqqdqwdqqdqwdqqdqwdqqdqwdqqdqwdqqdqwdqqdqwdqqdqwdqqdqwdqqdqwdq qdqwdq qdqwdq qdqwdq qdqwdqqdqwdqqdqwdqqdqwdqqdqwdqqdqwdqqdqwdqqdqwdqqdqwdqqdqwdqqdqwdqqdqwdqqdqwdqqdqwdqqdqwdqqdqwdqqdqwdqqdqwdqqdqwdqqdqwdq qdqwdq qdqwdq qdqwdq qdqwdqqdqwdqqdqwdqqdqwdqqdqwdqqdqwdqqdqwdqqdqwdqqdqwdqqdqwdqqdqwdqqdqwdqqdqwdqqdqwdqqdqwdqqdqwdqqdqwdqqdqwdqqdqwdqqdqwdq qdqwdq qdqwdq qdqwdqqdqwdqqdqwdqqdqwdqqdqwdqqdqwdqqdqwdqqdqwdqqdqwdqqdqwdqqdqwdqqdqwdqqdqwdqqdqwdqqdqwdqqdqwdqqdqwdqqdqwdqqdqwdqqdqwdqqdqwdq qdqwdq qdqwdq qdqwdq qdqwdqqdqwdqqdqwdqqdqwdqqdqwdqqdqwdqqdqwdqqdqwdqqdqwdqqdqwdqqdqwdqqdqwdqqdqwdqqdqwdqqdqwdqqdqwdqqdqwdqqdqwdqqdqwdqqdqwdq qdqwdq qdqwdq qdqwdq qdqwdqqdqwdqqdqwdqqdqwdqqdqwdqqdqwdqqdqwdqqdqwdqqdqwdqqdqwdqqdqwdqqdqwdqqdqwdqqdqwdqqdqwdqqdqwdqqdqwdqqdqwdqqdqwdqqdqwdq qdqwdq qdqwdq qdqwdq qdqwdqqdqwdqqdqwdqqdqwdqqdqwdqqdqwdqqdqwdqqdqwdqqdqwdqqdqwdqqdqwdqqdqwdqqdqwdqqdqwdqqdqwdqqdqwdqqdqwdqqdqwdqqdqwdqqdqwdq qdqwdq qdqwdq qdqwdq\n\nqdqwdqqdqwdqqdqwdqqdqwdqqdqwdqqdqwdqqdqwdqqdqwdqqdqwdqqdqwdqqdqwdqqdqwdqqdqwdqqdqwdqqdqwdqqdqwdqqdqwdqqdqwdqqdqwdqqdqwdq qdqwdq qdqwdq qdqwdq qdqwdqqdqwdqqdqwdqqdqwdqqdqwdqqdqwdqqdqwdqqdqwdqqdqwdqqdqwdqqdqwdqqdqwdqqdqwdqqdqwdqqdqwdqqdqwdqqdqwdqqdqwdqqdqwdqqdqwdq qdqwdq qdqwdq qdqwdq qdqwdqqdqwdqqdqwdqqdqwdqqdqwdqqdqwdqqdqwdqqdqwdqqdqwdqqdqwdqqdqwdqqdqwdqqdqwdqqdqwdqqdqwdqqdqwdqqdqwdqqdqwdqqdqwdqqdqwdq qdqwdq qdqwdq qdqwdq qdqwdqqdqwdqqdqwdqqdqwdqqdqwdqqdqwdqqdqwdqqdqwdqqdqwdqqdqwdqqdqwdqqdqwdqqdqwdqqdqwdqqdqwdqqdqwdqqdqwdqqdqwdqqdqwdqqdqwdq qdqwdq qdqwdq qdqwdq qdqwdqqdqwdqqdqwdqqdqwdqqdqwdqqdqwdqqdqwdqqdqwdqqdqwdqqdqwdqqdqwdqqdqwdqqdqwdqqdqwdqqdqwdqqdqwdqqdqwdqqdqwdqqdqwdqqdqwdq qdqwdq qdqwdq qdqwdq qdqwdqqdqwdqqdqwdqqdqwdqqdqwdqqdqwdqqdqwdqqdqwdqqdqwdqqdqwdqqdqwdqqdqwdqqdqwdqqdqwdqqdqwdqqdqwdqqdqwdqqdqwdqqdqwdqqdqwdq qdqwdq qdqwdq qdqwdq qdqwdqqdqwdqqdqwdqqdqwdqqdqwdqqdqwdqqdqwdqqdqwdqqdqwdqqdqwdqqdqwdqqdqwdqqdqwdqqdqwdqqdqwdqqdqwdqqdqwdqqdqwdqqdqwdqqdqwdq qdqwdq qdqwdq qdqwdq qdqwdqqdqwdqqdqwdqqdqwdqqdqwdqqdqwdqqdqwdqqdqwdqqdqwdqqdqwdqqdqwdqqdqwdqqdqwdqqdqwdqqdqwdqqdqwdqqdqwdqqdqwdqqdqwdqqdqwdq qdqwdq qdqwdq qdqwdqqdqwdqqdqwdqqdqwdqqdqwdqqdqwdqqdqwdqqdqwdqqdqwdqqdqwdqqdqwdqqdqwdqqdqwdqqdqwdqqdqwdqqdqwdqqdqwdqqdqwdqqdqwdqqdqwdqqdqwdq qdqwdq qdqwdq qdqwdq qdqwdqqdqwdqqdqwdqqdqwdqqdqwdqqdqwdqqdqwdqqdqwdqqdqwdqqdqwdqqdqwdqqdqwdqqdqwdqqdqwdqqdqwdqqdqwdqqdqwdqqdqwdqqdqwdqqdqwdq qdqwdq qdqwdq qdqwdq qdqwdqqdqwdqqdqwdqqdqwdqqdqwdqqdqwdqqdqwdqqdqwdqqdqwdqqdqwdqqdqwdqqdqwdqqdqwdqqdqwdqqdqwdqqdqwdqqdqwdqqdqwdqqdqwdqqdqwdq qdqwdq qdqwdq qdqwdq qdqwdqqdqwdqqdqwdqqdqwdqqdqwdqqdqwdqqdqwdqqdqwdqqdqwdqqdqwdqqdqwdqqdqwdqqdqwdqqdqwdqqdqwdqqdqwdqqdqwdqqdqwdqqdqwdqqdqwdq qdqwdq qdqwdq qdqwdqqdqwdqqdqwdqqdqwdqqdqwdqqdqwdqqdqwdqqdqwdqqdqwdqqdqwdqqdqwdqqdqwdqqdqwdqqdqwdqqdqwdqqdqwdqqdqwdqqdqwdqqdqwdqqdqwdqqdqwdq qdqwdq qdqwdq qdqwdq qdqwdqqdqwdqqdqwdqqdqwdqqdqwdqqdqwdqqdqwdqqdqwdqqdqwdqqdqwdqqdqwdqqdqwdqqdqwdqqdqwdqqdqwdqqdqwdqqdqwdqqdqwdqqdqwdqqdqwdq qdqwdq qdqwdq qdqwdq qdqwdqqdqwdqqdqwdqqdqwdqqdqwdqqdqwdqqdqwdqqdqwdqqdqwdqqdqwdqqdqwdqqdqwdqqdqwdqqdqwdqqdqwdqqdqwdqqdqwdqqdqwdqqdqwdqqdqwdq qdqwdq qdqwdq qdqwdq qdqwdqqdqwdqqdqwdqqdqwdqqdqwdqqdqwdqqdqwdqqdqwdqqdqwdqqdqwdqqdqwdqqdqwdqqdqwdqqdqwdqqdqwdqqdqwdqqdqwdqqdqwdqqdqwdqqdqwdq qdqwdq qdqwdq qdqwdqqdqwdqqdqwdqqdqwdqqdqwdqqdqwdqqdqwdqqdqwdqqdqwdqqdqwdqqdqwdqqdqwdqqdqwdqqdqwdqqdqwdqqdqwdqqdqwdqqdqwdqqdqwdqqdqwdqqdqwdq qdqwdq qdqwdq qdqwdq qdqwdqqdqwdqqdqwdqqdqwdqqdqwdqqdqwdqqdqwdqqdqwdqqdqwdqqdqwdqqdqwdqqdqwdqqdqwdqqdqwdqqdqwdqqdqwdqqdqwdqqdqwdqqdqwdqqdqwdq qdqwdq qdqwdq qdqwdq qdqwdqqdqwdqqdqwdqqdqwdqqdqwdqqdqwdqqdqwdqqdqwdqqdqwdqqdqwdqqdqwdqqdqwdqqdqwdqqdqwdqqdqwdqqdqwdqqdqwdqqdqwdqqdqwdqqdqwdq qdqwdq qdqwdq qdqwdq qdqwdqqdqwdqqdqwdqqdqwdqqdqwdqqdqwdqqdqwdqqdqwdqqdqwdqqdqwdqqdqwdqqdqwdqqdqwdqqdqwdqqdqwdqqdqwdqqdqwdqqdqwdqqdqwdqqdqwdq qdqwdq qdqwdq qdqwdqqdqwdqqdqwdqqdqwdqqdqwdqqdqwdqqdqwdqqdqwdqqdqwdqqdqwdqqdqwdqqdqwdqqdqwdqqdqwdqqdqwdqqdqwdqqdqwdqqdqwdqqdqwdqqdqwdqqdqwdq qdqwdq qdqwdq qdqwdq qdqwdqqdqwdqqdqwdqqdqwdqqdqwdqqdqwdqqdqwdqqdqwdqqdqwdqqdqwdqqdqwdqqdqwdqqdqwdqqdqwdqqdqwdqqdqwdqqdqwdqqdqwdqqdqwdqqdqwdq qdqwdq qdqwdq qdqwdq qdqwdqqdqwdqqdqwdqqdqwdqqdqwdqqdqwdqqdqwdqqdqwdqqdqwdqqdqwdqqdqwdqqdqwdqqdqwdqqdqwdqqdqwdqqdqwdqqdqwdqqdqwdqqdqwdqqdqwdq qdqwdq qdqwdq qdqwdq qdqwdqqdqwdqqdqwdqqdqwdqqdqwdqqdqwdqqdqwdqqdqwdqqdqwdqqdqwdqqdqwdqqdqwdqqdqwdqqdqwdqqdqwdqqdqwdqqdqwdqqdqwdqqdqwdqqdqwdq qdqwdq qdqwdq qdqwdqqdqwdqqdqwdqqdqwdqqdqwdqqdqwdqqdqwdqqdqwdqqdqwdqqdqwdqqdqwdqqdqwdqqdqwdqqdqwdqqdqwdqqdqwdqqdqwdqqdqwdqqdqwdqqdqwdqqdqwdq qdqwdq qdqwdq qdqwdq qdqwdqqdqwdqqdqwdqqdqwdqqdqwdqqdqwdqqdqwdqqdqwdqqdqwdqqdqwdqqdqwdqqdqwdqqdqwdqqdqwdqqdqwdqqdqwdqqdqwdqqdqwdqqdqwdqqdqwdq qdqwdq qdqwdq qdqwdq qdqwdqqdqwdqqdqwdqqdqwdqqdqwdqqdqwdqqdqwdqqdqwdqqdqwdqqdqwdqqdqwdqqdqwdqqdqwdqqdqwdqqdqwdqqdqwdqqdqwdqqdqwdqqdqwdqqdqwdq qdqwdq qdqwdq qdqwdq qdqwdqqdqwdqqdqwdqqdqwdqqdqwdqqdqwdqqdqwdqqdqwdqqdqwdqqdqwdqqdqwdqqdqwdqqdqwdqqdqwdqqdqwdqqdqwdqqdqwdqqdqwdqqdqwdqqdqwdq qdqwdq qdqwdq qdqwdqqdqwdqqdqwdqqdqwdqqdqwdqqdqwdqqdqwdqqdqwdqqdqwdqqdqwdqqdqwdqqdqwdqqdqwdqqdqwdqqdqwdqqdqwdqqdqwdqqdqwdqqdqwdqqdqwdqqdqwdq qdqwdq qdqwdq qdqwdq qdqwdqqdqwdqqdqwdqqdqwdqqdqwdqqdqwdqqdqwdqqdqwdqqdqwdqqdqwdqqdqwdqqdqwdqqdqwdqqdqwdqqdqwdqqdqwdqqdqwdqqdqwdqqdqwdqqdqwdq qdqwdq qdqwdq qdqwdq qdqwdqqdqwdqqdqwdqqdqwdqqdqwdqqdqwdqqdqwdqqdqwdqqdqwdqqdqwdqqdqwdqqdqwdqqdqwdqqdqwdqqdqwdqqdqwdqqdqwdqqdqwdqqdqwdqqdqwdq qdqwdq qdqwdq qdqwdq qdqwdqqdqwdqqdqwdqqdqwdqqdqwdqqdqwdqqdqwdqqdqwdqqdqwdqqdqwdqqdqwdqqdqwdqqdqwdqqdqwdqqdqwdqqdqwdqqdqwdqqdqwdqqdqwdqqdqwdq qdqwdq qdqwdq qdqwdq\n\nqdqwdqqdqwdqqdqwdqqdqwdqqdqwdqqdqwdqqdqwdqqdqwdqqdqwdqqdqwdqqdqwdqqdqwdqqdqwdqqdqwdqqdqwdqqdqwdqqdqwdqqdqwdqqdqwdqqdqwdq qdqwdq qdqwdq qdqwdq qdqwdqqdqwdqqdqwdqqdqwdqqdqwdqqdqwdqqdqwdqqdqwdqqdqwdqqdqwdqqdqwdqqdqwdqqdqwdqqdqwdqqdqwdqqdqwdqqdqwdqqdqwdqqdqwdqqdqwdq qdqwdq qdqwdq qdqwdq qdqwdqqdqwdqqdqwdqqdqwdqqdqwdqqdqwdqqdqwdqqdqwdqqdqwdqqdqwdqqdqwdqqdqwdqqdqwdqqdqwdqqdqwdqqdqwdqqdqwdqqdqwdqqdqwdqqdqwdq qdqwdq qdqwdq qdqwdq qdqwdqqdqwdqqdqwdqqdqwdqqdqwdqqdqwdqqdqwdqqdqwdqqdqwdqqdqwdqqdqwdqqdqwdqqdqwdqqdqwdqqdqwdqqdqwdqqdqwdqqdqwdqqdqwdqqdqwdq qdqwdq qdqwdq qdqwdq qdqwdqqdqwdqqdqwdqqdqwdqqdqwdqqdqwdqqdqwdqqdqwdqqdqwdqqdqwdqqdqwdqqdqwdqqdqwdqqdqwdqqdqwdqqdqwdqqdqwdqqdqwdqqdqwdqqdqwdq qdqwdq qdqwdq qdqwdq qdqwdqqdqwdqqdqwdqqdqwdqqdqwdqqdqwdqqdqwdqqdqwdqqdqwdqqdqwdqqdqwdqqdqwdqqdqwdqqdqwdqqdqwdqqdqwdqqdqwdqqdqwdqqdqwdqqdqwdq qdqwdq qdqwdq qdqwdq qdqwdqqdqwdqqdqwdqqdqwdqqdqwdqqdqwdqqdqwdqqdqwdqqdqwdqqdqwdqqdqwdqqdqwdqqdqwdqqdqwdqqdqwdqqdqwdqqdqwdqqdqwdqqdqwdqqdqwdq qdqwdq qdqwdq qdqwdq qdqwdqqdqwdqqdqwdqqdqwdqqdqwdqqdqwdqqdqwdqqdqwdqqdqwdqqdqwdqqdqwdqqdqwdqqdqwdqqdqwdqqdqwdqqdqwdqqdqwdqqdqwdqqdqwdqqdqwdq qdqwdq qdqwdq qdqwdqqdqwdqqdqwdqqdqwdqqdqwdqqdqwdqqdqwdqqdqwdqqdqwdqqdqwdqqdqwdqqdqwdqqdqwdqqdqwdqqdqwdqqdqwdqqdqwdqqdqwdqqdqwdqqdqwdqqdqwdq qdqwdq qdqwdq qdqwdq qdqwdqqdqwdqqdqwdqqdqwdqqdqwdqqdqwdqqdqwdqqdqwdqqdqwdqqdqwdqqdqwdqqdqwdqqdqwdqqdqwdqqdqwdqqdqwdqqdqwdqqdqwdqqdqwdqqdqwdq qdqwdq qdqwdq qdqwdq qdqwdqqdqwdqqdqwdqqdqwdqqdqwdqqdqwdqqdqwdqqdqwdqqdqwdqqdqwdqqdqwdqqdqwdqqdqwdqqdqwdqqdqwdqqdqwdqqdqwdqqdqwdqqdqwdqqdqwdq qdqwdq qdqwdq qdqwdq qdqwdqqdqwdqqdqwdqqdqwdqqdqwdqqdqwdqqdqwdqqdqwdqqdqwdqqdqwdqqdqwdqqdqwdqqdqwdqqdqwdqqdqwdqqdqwdqqdqwdqqdqwdqqdqwdqqdqwdq qdqwdq qdqwdq qdqwdqqdqwdqqdqwdqqdqwdqqdqwdqqdqwdqqdqwdqqdqwdqqdqwdqqdqwdqqdqwdqqdqwdqqdqwdqqdqwdqqdqwdqqdqwdqqdqwdqqdqwdqqdqwdqqdqwdqqdqwdq qdqwdq qdqwdq qdqwdq qdqwdqqdqwdqqdqwdqqdqwdqqdqwdqqdqwdqqdqwdqqdqwdqqdqwdqqdqwdqqdqwdqqdqwdqqdqwdqqdqwdqqdqwdqqdqwdqqdqwdqqdqwdqqdqwdqqdqwdq qdqwdq qdqwdq qdqwdq qdqwdqqdqwdqqdqwdqqdqwdqqdqwdqqdqwdqqdqwdqqdqwdqqdqwdqqdqwdqqdqwdqqdqwdqqdqwdqqdqwdqqdqwdqqdqwdqqdqwdqqdqwdqqdqwdqqdqwdq qdqwdq qdqwdq qdqwdq qdqwdqqdqwdqqdqwdqqdqwdqqdqwdqqdqwdqqdqwdqqdqwdqqdqwdqqdqwdqqdqwdqqdqwdqqdqwdqqdqwdqqdqwdqqdqwdqqdqwdqqdqwdqqdqwdqqdqwdq qdqwdq qdqwdq qdqwdqqdqwdqqdqwdqqdqwdqqdqwdqqdqwdqqdqwdqqdqwdqqdqwdqqdqwdqqdqwdqqdqwdqqdqwdqqdqwdqqdqwdqqdqwdqqdqwdqqdqwdqqdqwdqqdqwdqqdqwdq qdqwdq qdqwdq qdqwdq qdqwdqqdqwdqqdqwdqqdqwdqqdqwdqqdqwdqqdqwdqqdqwdqqdqwdqqdqwdqqdqwdqqdqwdqqdqwdqqdqwdqqdqwdqqdqwdqqdqwdqqdqwdqqdqwdqqdqwdq qdqwdq qdqwdq qdqwdq qdqwdqqdqwdqqdqwdqqdqwdqqdqwdqqdqwdqqdqwdqqdqwdqqdqwdqqdqwdqqdqwdqqdqwdqqdqwdqqdqwdqqdqwdqqdqwdqqdqwdqqdqwdqqdqwdqqdqwdq qdqwdq qdqwdq qdqwdq qdqwdqqdqwdqqdqwdqqdqwdqqdqwdqqdqwdqqdqwdqqdqwdqqdqwdqqdqwdqqdqwdqqdqwdqqdqwdqqdqwdqqdqwdqqdqwdqqdqwdqqdqwdqqdqwdqqdqwdq qdqwdq qdqwdq qdqwdqqdqwdqqdqwdqqdqwdqqdqwdqqdqwdqqdqwdqqdqwdqqdqwdqqdqwdqqdqwdqqdqwdqqdqwdqqdqwdqqdqwdqqdqwdqqdqwdqqdqwdqqdqwdqqdqwdqqdqwdq qdqwdq qdqwdq qdqwdq qdqwdqqdqwdqqdqwdqqdqwdqqdqwdqqdqwdqqdqwdqqdqwdqqdqwdqqdqwdqqdqwdqqdqwdqqdqwdqqdqwdqqdqwdqqdqwdqqdqwdqqdqwdqqdqwdqqdqwdq qdqwdq qdqwdq qdqwdq qdqwdqqdqwdqqdqwdqqdqwdqqdqwdqqdqwdqqdqwdqqdqwdqqdqwdqqdqwdqqdqwdqqdqwdqqdqwdqqdqwdqqdqwdqqdqwdqqdqwdqqdqwdqqdqwdqqdqwdq qdqwdq qdqwdq qdqwdq qdqwdqqdqwdqqdqwdqqdqwdqqdqwdqqdqwdqqdqwdqqdqwdqqdqwdqqdqwdqqdqwdqqdqwdqqdqwdqqdqwdqqdqwdqqdqwdqqdqwdqqdqwdqqdqwdqqdqwdq qdqwdq qdqwdq qdqwdqqdqwdqqdqwdqqdqwdqqdqwdqqdqwdqqdqwdqqdqwdqqdqwdqqdqwdqqdqwdqqdqwdqqdqwdqqdqwdqqdqwdqqdqwdqqdqwdqqdqwdqqdqwdqqdqwdqqdqwdq qdqwdq qdqwdq qdqwdq qdqwdqqdqwdqqdqwdqqdqwdqqdqwdqqdqwdqqdqwdqqdqwdqqdqwdqqdqwdqqdqwdqqdqwdqqdqwdqqdqwdqqdqwdqqdqwdqqdqwdqqdqwdqqdqwdqqdqwdq qdqwdq qdqwdq qdqwdq qdqwdqqdqwdqqdqwdqqdqwdqqdqwdqqdqwdqqdqwdqqdqwdqqdqwdqqdqwdqqdqwdqqdqwdqqdqwdqqdqwdqqdqwdqqdqwdqqdqwdqqdqwdqqdqwdqqdqwdq qdqwdq qdqwdq qdqwdq qdqwdqqdqwdqqdqwdqqdqwdqqdqwdqqdqwdqqdqwdqqdqwdqqdqwdqqdqwdqqdqwdqqdqwdqqdqwdqqdqwdqqdqwdqqdqwdqqdqwdqqdqwdqqdqwdqqdqwdq qdqwdq qdqwdq qdqwdqqdqwdqqdqwdqqdqwdqqdqwdqqdqwdqqdqwdqqdqwdqqdqwdqqdqwdqqdqwdqqdqwdqqdqwdqqdqwdqqdqwdqqdqwdqqdqwdqqdqwdqqdqwdqqdqwdqqdqwdq qdqwdq qdqwdq qdqwdq qdqwdqqdqwdqqdqwdqqdqwdqqdqwdqqdqwdqqdqwdqqdqwdqqdqwdqqdqwdqqdqwdqqdqwdqqdqwdqqdqwdqqdqwdqqdqwdqqdqwdqqdqwdqqdqwdqqdqwdq qdqwdq qdqwdq qdqwdq qdqwdqqdqwdqqdqwdqqdqwdqqdqwdqqdqwdqqdqwdqqdqwdqqdqwdqqdqwdqqdqwdqqdqwdqqdqwdqqdqwdqqdqwdqqdqwdqqdqwdqqdqwdqqdqwdqqdqwdq qdqwdq qdqwdq qdqwdq qdqwdqqdqwdqqdqwdqqdqwdqqdqwdqqdqwdqqdqwdqqdqwdqqdqwdqqdqwdqqdqwdqqdqwdqqdqwdqqdqwdqqdqwdqqdqwdqqdqwdqqdqwdqqdqwdqqdqwdq qdqwdq qdqwdq qdqwdqqdqwdqqdqwdqqdqwdqqdqwdqqdqwdqqdqwdqqdqwdqqdqwdqqdqwdqqdqwdqqdqwdqqdqwdqqdqwdqqdqwdqqdqwdqqdqwdqqdqwdqqdqwdqqdqwdqqdqwdq qdqwdq qdqwdq qdqwdq qdqwdqqdqwdqqdqwdqqdqwdqqdqwdqqdqwdqqdqwdqqdqwdqqdqwdqqdqwdqqdqwdqqdqwdqqdqwdqqdqwdqqdqwdqqdqwdqqdqwdqqdqwdqqdqwdqqdqwdq qdqwdq qdqwdq qdqwdq qdqwdqqdqwdqqdqwdqqdqwdqqdqwdqqdqwdqqdqwdqqdqwdqqdqwdqqdqwdqqdqwdqqdqwdqqdqwdqqdqwdqqdqwdqqdqwdqqdqwdqqdqwdqqdqwdqqdqwdq qdqwdq qdqwdq qdqwdq qdqwdqqdqwdqqdqwdqqdqwdqqdqwdqqdqwdqqdqwdqqdqwdqqdqwdqqdqwdqqdqwdqqdqwdqqdqwdqqdqwdqqdqwdqqdqwdqqdqwdqqdqwdqqdqwdqqdqwdq qdqwdq qdqwdq qdqwdq qdqwdqqdqwdqqdqwdqqdqwdqqdqwdqqdqwdqqdqwdqqdqwdqqdqwdqqdqwdqqdqwdqqdqwdqqdqwdqqdqwdqqdqwdqqdqwdqqdqwdqqdqwdqqdqwdqqdqwdq qdqwdq qdqwdq qdqwdq qdqwdqqdqwdqqdqwdqqdqwdqqdqwdqqdqwdqqdqwdqqdqwdqqdqwdqqdqwdqqdqwdqqdqwdqqdqwdqqdqwdqqdqwdqqdqwdqqdqwdqqdqwdqqdqwdqqdqwdq qdqwdq qdqwdq qdqwdq qdqwdqqdqwdqqdqwdqqdqwdqqdqwdqqdqwdqqdqwdqqdqwdqqdqwdqqdqwdqqdqwdqqdqwdqqdqwdqqdqwdqqdqwdqqdqwdqqdqwdqqdqwdqqdqwdqqdqwdq qdqwdq qdqwdq qdqwdq qdqwdqqdqwdqqdqwdqqdqwdqqdqwdqqdqwdqqdqwdqqdqwdqqdqwdqqdqwdqqdqwdqqdqwdqqdqwdqqdqwdqqdqwdqqdqwdqqdqwdqqdqwdqqdqwdqqdqwdq qdqwdq qdqwdq qdqwdqqdqwdqqdqwdqqdqwdqqdqwdqqdqwdqqdqwdqqdqwdqqdqwdqqdqwdqqdqwdqqdqwdqqdqwdqqdqwdqqdqwdqqdqwdqqdqwdqqdqwdqqdqwdqqdqwdqqdqwdq qdqwdq qdqwdq qdqwdq qdqwdqqdqwdqqdqwdqqdqwdqqdqwdqqdqwdqqdqwdqqdqwdqqdqwdqqdqwdqqdqwdqqdqwdqqdqwdqqdqwdqqdqwdqqdqwdqqdqwdqqdqwdqqdqwdqqdqwdq qdqwdq qdqwdq qdqwdq qdqwdqqdqwdqqdqwdqqdqwdqqdqwdqqdqwdqqdqwdqqdqwdqqdqwdqqdqwdqqdqwdqqdqwdqqdqwdqqdqwdqqdqwdqqdqwdqqdqwdqqdqwdqqdqwdqqdqwdq qdqwdq qdqwdq qdqwdq qdqwdqqdqwdqqdqwdqqdqwdqqdqwdqqdqwdqqdqwdqqdqwdqqdqwdqqdqwdqqdqwdqqdqwdqqdqwdqqdqwdqqdqwdqqdqwdqqdqwdqqdqwdqqdqwdqqdqwdq qdqwdq qdqwdq qdqwdqqdqwdqqdqwdqqdqwdqqdqwdqqdqwdqqdqwdqqdqwdqqdqwdqqdqwdqqdqwdqqdqwdqqdqwdqqdqwdqqdqwdqqdqwdqqdqwdqqdqwdqqdqwdqqdqwdqqdqwdq qdqwdq qdqwdq qdqwdq qdqwdqqdqwdqqdqwdqqdqwdqqdqwdqqdqwdqqdqwdqqdqwdqqdqwdqqdqwdqqdqwdqqdqwdqqdqwdqqdqwdqqdqwdqqdqwdqqdqwdqqdqwdqqdqwdqqdqwdq qdqwdq qdqwdq qdqwdq qdqwdqqdqwdqqdqwdqqdqwdqqdqwdqqdqwdqqdqwdqqdqwdqqdqwdqqdqwdqqdqwdqqdqwdqqdqwdqqdqwdqqdqwdqqdqwdqqdqwdqqdqwdqqdqwdqqdqwdq qdqwdq qdqwdq qdqwdq qdqwdqqdqwdqqdqwdqqdqwdqqdqwdqqdqwdqqdqwdqqdqwdqqdqwdqqdqwdqqdqwdqqdqwdqqdqwdqqdqwdqqdqwdqqdqwdqqdqwdqqdqwdqqdqwdqqdqwdq qdqwdq qdqwdq qdqwdqqdqwdqqdqwdqqdqwdqqdqwdqqdqwdqqdqwdqqdqwdqqdqwdqqdqwdqqdqwdqqdqwdqqdqwdqqdqwdqqdqwdqqdqwdqqdqwdqqdqwdqqdqwdqqdqwdqqdqwdq qdqwdq qdqwdq qdqwdq qdqwdqqdqwdqqdqwdqqdqwdqqdqwdqqdqwdqqdqwdqqdqwdqqdqwdqqdqwdqqdqwdqqdqwdqqdqwdqqdqwdqqdqwdqqdqwdqqdqwdqqdqwdqqdqwdqqdqwdq qdqwdq qdqwdq qdqwdq qdqwdqqdqwdqqdqwdqqdqwdqqdqwdqqdqwdqqdqwdqqdqwdqqdqwdqqdqwdqqdqwdqqdqwdqqdqwdqqdqwdqqdqwdqqdqwdqqdqwdqqdqwdqqdqwdqqdqwdq qdqwdq qdqwdq qdqwdq qdqwdqqdqwdqqdqwdqqdqwdqqdqwdqqdqwdqqdqwdqqdqwdqqdqwdqqdqwdqqdqwdqqdqwdqqdqwdqqdqwdqqdqwdqqdqwdqqdqwdqqdqwdqqdqwdqqdqwdq qdqwdq qdqwdq qdqwdqqdqwdqqdqwdqqdqwdqqdqwdqqdqwdqqdqwdqqdqwdqqdqwdqqdqwdqqdqwdqqdqwdqqdqwdqqdqwdqqdqwdqqdqwdqqdqwdqqdqwdqqdqwdqqdqwdqqdqwdq qdqwdq qdqwdq qdqwdq qdqwdqqdqwdqqdqwdqqdqwdqqdqwdqqdqwdqqdqwdqqdqwdqqdqwdqqdqwdqqdqwdqqdqwdqqdqwdqqdqwdqqdqwdqqdqwdqqdqwdqqdqwdqqdqwdqqdqwdq qdqwdq qdqwdq qdqwdq qdqwdqqdqwdqqdqwdqqdqwdqqdqwdqqdqwdqqdqwdqqdqwdqqdqwdqqdqwdqqdqwdqqdqwdqqdqwdqqdqwdqqdqwdqqdqwdqqdqwdqqdqwdqqdqwdqqdqwdq qdqwdq qdqwdq qdqwdq qdqwdqqdqwdqqdqwdqqdqwdqqdqwdqqdqwdqqdqwdqqdqwdqqdqwdqqdqwdqqdqwdqqdqwdqqdqwdqqdqwdqqdqwdqqdqwdqqdqwdqqdqwdqqdqwdqqdqwdq qdqwdq qdqwdq qdqwdqqdqwdqqdqwdqqdqwdqqdqwdqqdqwdqqdqwdqqdqwdqqdqwdqqdqwdqqdqwdqqdqwdqqdqwdqqdqwdqqdqwdqqdqwdqqdqwdqqdqwdqqdqwdqqdqwdqqdqwdq qdqwdq qdqwdq qdqwdq qdqwdqqdqwdqqdqwdqqdqwdqqdqwdqqdqwdqqdqwdqqdqwdqqdqwdqqdqwdqqdqwdqqdqwdqqdqwdqqdqwdqqdqwdqqdqwdqqdqwdqqdqwdqqdqwdqqdqwdq qdqwdq qdqwdq qdqwdq qdqwdqqdqwdqqdqwdqqdqwdqqdqwdqqdqwdqqdqwdqqdqwdqqdqwdqqdqwdqqdqwdqqdqwdqqdqwdqqdqwdqqdqwdqqdqwdqqdqwdqqdqwdqqdqwdqqdqwdq qdqwdq qdqwdq qdqwdq qdqwdqqdqwdqqdqwdqqdqwdqqdqwdqqdqwdqqdqwdqqdqwdqqdqwdqqdqwdqqdqwdqqdqwdqqdqwdqqdqwdqqdqwdqqdqwdqqdqwdqqdqwdqqdqwdqqdqwdq qdqwdq qdqwdq qdqwdqqdqwdqqdqwdqqdqwdqqdqwdqqdqwdqqdqwdqqdqwdqqdqwdqqdqwdqqdqwdqqdqwdqqdqwdqqdqwdqqdqwdqqdqwdqqdqwdqqdqwdqqdqwdqqdqwdqqdqwdq qdqwdq qdqwdq qdqwdq qdqwdqqdqwdqqdqwdqqdqwdqqdqwdqqdqwdqqdqwdqqdqwdqqdqwdqqdqwdqqdqwdqqdqwdqqdqwdqqdqwdqqdqwdqqdqwdqqdqwdqqdqwdqqdqwdqqdqwdq qdqwdq qdqwdq qdqwdq qdqwdqqdqwdqqdqwdqqdqwdqqdqwdqqdqwdqqdqwdqqdqwdqqdqwdqqdqwdqqdqwdqqdqwdqqdqwdqqdqwdqqdqwdqqdqwdqqdqwdqqdqwdqqdqwdqqdqwdq qdqwdq qdqwdq qdqwdq qdqwdqqdqwdqqdqwdqqdqwdqqdqwdqqdqwdqqdqwdqqdqwdqqdqwdqqdqwdqqdqwdqqdqwdqqdqwdqqdqwdqqdqwdqqdqwdqqdqwdqqdqwdqqdqwdqqdqwdq qdqwdq qdqwdq qdqwdq\n\nqdqwdqqdqwdqqdqwdqqdqwdqqdqwdqqdqwdqqdqwdqqdqwdqqdqwdqqdqwdqqdqwdqqdqwdqqdqwdqqdqwdqqdqwdqqdqwdqqdqwdqqdqwdqqdqwdqqdqwdq qdqwdq qdqwdq qdqwdq qdqwdqqdqwdqqdqwdqqdqwdqqdqwdqqdqwdqqdqwdqqdqwdqqdqwdqqdqwdqqdqwdqqdqwdqqdqwdqqdqwdqqdqwdqqdqwdqqdqwdqqdqwdqqdqwdqqdqwdq qdqwdq qdqwdq qdqwdq qdqwdqqdqwdqqdqwdqqdqwdqqdqwdqqdqwdqqdqwdqqdqwdqqdqwdqqdqwdqqdqwdqqdqwdqqdqwdqqdqwdqqdqwdqqdqwdqqdqwdqqdqwdqqdqwdqqdqwdq qdqwdq qdqwdq qdqwdq qdqwdqqdqwdqqdqwdqqdqwdqqdqwdqqdqwdqqdqwdqqdqwdqqdqwdqqdqwdqqdqwdqqdqwdqqdqwdqqdqwdqqdqwdqqdqwdqqdqwdqqdqwdqqdqwdqqdqwdq qdqwdq qdqwdq qdqwdq qdqwdqqdqwdqqdqwdqqdqwdqqdqwdqqdqwdqqdqwdqqdqwdqqdqwdqqdqwdqqdqwdqqdqwdqqdqwdqqdqwdqqdqwdqqdqwdqqdqwdqqdqwdqqdqwdqqdqwdq qdqwdq qdqwdq qdqwdq qdqwdqqdqwdqqdqwdqqdqwdqqdqwdqqdqwdqqdqwdqqdqwdqqdqwdqqdqwdqqdqwdqqdqwdqqdqwdqqdqwdqqdqwdqqdqwdqqdqwdqqdqwdqqdqwdqqdqwdq qdqwdq qdqwdq qdqwdq qdqwdqqdqwdqqdqwdqqdqwdqqdqwdqqdqwdqqdqwdqqdqwdqqdqwdqqdqwdqqdqwdqqdqwdqqdqwdqqdqwdqqdqwdqqdqwdqqdqwdqqdqwdqqdqwdqqdqwdq qdqwdq qdqwdq qdqwdq qdqwdqqdqwdqqdqwdqqdqwdqqdqwdqqdqwdqqdqwdqqdqwdqqdqwdqqdqwdqqdqwdqqdqwdqqdqwdqqdqwdqqdqwdqqdqwdqqdqwdqqdqwdqqdqwdqqdqwdq qdqwdq qdqwdq qdqwdqqdqwdqqdqwdqqdqwdqqdqwdqqdqwdqqdqwdqqdqwdqqdqwdqqdqwdqqdqwdqqdqwdqqdqwdqqdqwdqqdqwdqqdqwdqqdqwdqqdqwdqqdqwdqqdqwdqqdqwdq qdqwdq qdqwdq qdqwdq qdqwdqqdqwdqqdqwdqqdqwdqqdqwdqqdqwdqqdqwdqqdqwdqqdqwdqqdqwdqqdqwdqqdqwdqqdqwdqqdqwdqqdqwdqqdqwdqqdqwdqqdqwdqqdqwdqqdqwdq qdqwdq qdqwdq qdqwdq qdqwdqqdqwdqqdqwdqqdqwdqqdqwdqqdqwdqqdqwdqqdqwdqqdqwdqqdqwdqqdqwdqqdqwdqqdqwdqqdqwdqqdqwdqqdqwdqqdqwdqqdqwdqqdqwdqqdqwdq qdqwdq qdqwdq qdqwdq qdqwdqqdqwdqqdqwdqqdqwdqqdqwdqqdqwdqqdqwdqqdqwdqqdqwdqqdqwdqqdqwdqqdqwdqqdqwdqqdqwdqqdqwdqqdqwdqqdqwdqqdqwdqqdqwdqqdqwdq qdqwdq qdqwdq qdqwdqqdqwdqqdqwdqqdqwdqqdqwdqqdqwdqqdqwdqqdqwdqqdqwdqqdqwdqqdqwdqqdqwdqqdqwdqqdqwdqqdqwdqqdqwdqqdqwdqqdqwdqqdqwdqqdqwdqqdqwdq qdqwdq qdqwdq qdqwdq qdqwdqqdqwdqqdqwdqqdqwdqqdqwdqqdqwdqqdqwdqqdqwdqqdqwdqqdqwdqqdqwdqqdqwdqqdqwdqqdqwdqqdqwdqqdqwdqqdqwdqqdqwdqqdqwdqqdqwdq qdqwdq qdqwdq qdqwdq qdqwdqqdqwdqqdqwdqqdqwdqqdqwdqqdqwdqqdqwdqqdqwdqqdqwdqqdqwdqqdqwdqqdqwdqqdqwdqqdqwdqqdqwdqqdqwdqqdqwdqqdqwdqqdqwdqqdqwdq qdqwdq qdqwdq qdqwdq qdqwdqqdqwdqqdqwdqqdqwdqqdqwdqqdqwdqqdqwdqqdqwdqqdqwdqqdqwdqqdqwdqqdqwdqqdqwdqqdqwdqqdqwdqqdqwdqqdqwdqqdqwdqqdqwdqqdqwdq qdqwdq qdqwdq qdqwdqqdqwdqqdqwdqqdqwdqqdqwdqqdqwdqqdqwdqqdqwdqqdqwdqqdqwdqqdqwdqqdqwdqqdqwdqqdqwdqqdqwdqqdqwdqqdqwdqqdqwdqqdqwdqqdqwdqqdqwdq qdqwdq qdqwdq qdqwdq qdqwdqqdqwdqqdqwdqqdqwdqqdqwdqqdqwdqqdqwdqqdqwdqqdqwdqqdqwdqqdqwdqqdqwdqqdqwdqqdqwdqqdqwdqqdqwdqqdqwdqqdqwdqqdqwdqqdqwdq qdqwdq qdqwdq qdqwdq qdqwdqqdqwdqqdqwdqqdqwdqqdqwdqqdqwdqqdqwdqqdqwdqqdqwdqqdqwdqqdqwdqqdqwdqqdqwdqqdqwdqqdqwdqqdqwdqqdqwdqqdqwdqqdqwdqqdqwdq qdqwdq qdqwdq qdqwdq qdqwdqqdqwdqqdqwdqqdqwdqqdqwdqqdqwdqqdqwdqqdqwdqqdqwdqqdqwdqqdqwdqqdqwdqqdqwdqqdqwdqqdqwdqqdqwdqqdqwdqqdqwdqqdqwdqqdqwdq qdqwdq qdqwdq qdqwdqqdqwdqqdqwdqqdqwdqqdqwdqqdqwdqqdqwdqqdqwdqqdqwdqqdqwdqqdqwdqqdqwdqqdqwdqqdqwdqqdqwdqqdqwdqqdqwdqqdqwdqqdqwdqqdqwdqqdqwdq qdqwdq qdqwdq qdqwdq qdqwdqqdqwdqqdqwdqqdqwdqqdqwdqqdqwdqqdqwdqqdqwdqqdqwdqqdqwdqqdqwdqqdqwdqqdqwdqqdqwdqqdqwdqqdqwdqqdqwdqqdqwdqqdqwdqqdqwdq qdqwdq qdqwdq qdqwdq qdqwdqqdqwdqqdqwdqqdqwdqqdqwdqqdqwdqqdqwdqqdqwdqqdqwdqqdqwdqqdqwdqqdqwdqqdqwdqqdqwdqqdqwdqqdqwdqqdqwdqqdqwdqqdqwdqqdqwdq qdqwdq qdqwdq qdqwdq qdqwdqqdqwdqqdqwdqqdqwdqqdqwdqqdqwdqqdqwdqqdqwdqqdqwdqqdqwdqqdqwdqqdqwdqqdqwdqqdqwdqqdqwdqqdqwdqqdqwdqqdqwdqqdqwdqqdqwdq qdqwdq qdqwdq qdqwdqqdqwdqqdqwdqqdqwdqqdqwdqqdqwdqqdqwdqqdqwdqqdqwdqqdqwdqqdqwdqqdqwdqqdqwdqqdqwdqqdqwdqqdqwdqqdqwdqqdqwdqqdqwdqqdqwdqqdqwdq qdqwdq qdqwdq qdqwdq qdqwdqqdqwdqqdqwdqqdqwdqqdqwdqqdqwdqqdqwdqqdqwdqqdqwdqqdqwdqqdqwdqqdqwdqqdqwdqqdqwdqqdqwdqqdqwdqqdqwdqqdqwdqqdqwdqqdqwdq qdqwdq qdqwdq qdqwdq qdqwdqqdqwdqqdqwdqqdqwdqqdqwdqqdqwdqqdqwdqqdqwdqqdqwdqqdqwdqqdqwdqqdqwdqqdqwdqqdqwdqqdqwdqqdqwdqqdqwdqqdqwdqqdqwdqqdqwdq qdqwdq qdqwdq qdqwdq qdqwdqqdqwdqqdqwdqqdqwdqqdqwdqqdqwdqqdqwdqqdqwdqqdqwdqqdqwdqqdqwdqqdqwdqqdqwdqqdqwdqqdqwdqqdqwdqqdqwdqqdqwdqqdqwdqqdqwdq qdqwdq qdqwdq qdqwdqqdqwdqqdqwdqqdqwdqqdqwdqqdqwdqqdqwdqqdqwdqqdqwdqqdqwdqqdqwdqqdqwdqqdqwdqqdqwdqqdqwdqqdqwdqqdqwdqqdqwdqqdqwdqqdqwdqqdqwdq qdqwdq qdqwdq qdqwdq qdqwdqqdqwdqqdqwdqqdqwdqqdqwdqqdqwdqqdqwdqqdqwdqqdqwdqqdqwdqqdqwdqqdqwdqqdqwdqqdqwdqqdqwdqqdqwdqqdqwdqqdqwdqqdqwdqqdqwdq qdqwdq qdqwdq qdqwdq qdqwdqqdqwdqqdqwdqqdqwdqqdqwdqqdqwdqqdqwdqqdqwdqqdqwdqqdqwdqqdqwdqqdqwdqqdqwdqqdqwdqqdqwdqqdqwdqqdqwdqqdqwdqqdqwdqqdqwdq qdqwdq qdqwdq qdqwdq qdqwdqqdqwdqqdqwdqqdqwdqqdqwdqqdqwdqqdqwdqqdqwdqqdqwdqqdqwdqqdqwdqqdqwdqqdqwdqqdqwdqqdqwdqqdqwdqqdqwdqqdqwdqqdqwdqqdqwdq qdqwdq qdqwdq qdqwdq\n\nqdqwdqqdqwdqqdqwdqqdqwdqqdqwdqqdqwdqqdqwdqqdqwdqqdqwdqqdqwdqqdqwdqqdqwdqqdqwdqqdqwdqqdqwdqqdqwdqqdqwdqqdqwdqqdqwdqqdqwdq qdqwdq qdqwdq qdqwdq qdqwdqqdqwdqqdqwdqqdqwdqqdqwdqqdqwdqqdqwdqqdqwdqqdqwdqqdqwdqqdqwdqqdqwdqqdqwdqqdqwdqqdqwdqqdqwdqqdqwdqqdqwdqqdqwdqqdqwdq qdqwdq qdqwdq qdqwdq qdqwdqqdqwdqqdqwdqqdqwdqqdqwdqqdqwdqqdqwdqqdqwdqqdqwdqqdqwdqqdqwdqqdqwdqqdqwdqqdqwdqqdqwdqqdqwdqqdqwdqqdqwdqqdqwdqqdqwdq qdqwdq qdqwdq qdqwdq qdqwdqqdqwdqqdqwdqqdqwdqqdqwdqqdqwdqqdqwdqqdqwdqqdqwdqqdqwdqqdqwdqqdqwdqqdqwdqqdqwdqqdqwdqqdqwdqqdqwdqqdqwdqqdqwdqqdqwdq qdqwdq qdqwdq qdqwdq qdqwdqqdqwdqqdqwdqqdqwdqqdqwdqqdqwdqqdqwdqqdqwdqqdqwdqqdqwdqqdqwdqqdqwdqqdqwdqqdqwdqqdqwdqqdqwdqqdqwdqqdqwdqqdqwdqqdqwdq qdqwdq qdqwdq qdqwdq qdqwdqqdqwdqqdqwdqqdqwdqqdqwdqqdqwdqqdqwdqqdqwdqqdqwdqqdqwdqqdqwdqqdqwdqqdqwdqqdqwdqqdqwdqqdqwdqqdqwdqqdqwdqqdqwdqqdqwdq qdqwdq qdqwdq qdqwdq qdqwdqqdqwdqqdqwdqqdqwdqqdqwdqqdqwdqqdqwdqqdqwdqqdqwdqqdqwdqqdqwdqqdqwdqqdqwdqqdqwdqqdqwdqqdqwdqqdqwdqqdqwdqqdqwdqqdqwdq qdqwdq qdqwdq qdqwdq qdqwdqqdqwdqqdqwdqqdqwdqqdqwdqqdqwdqqdqwdqqdqwdqqdqwdqqdqwdqqdqwdqqdqwdqqdqwdqqdqwdqqdqwdqqdqwdqqdqwdqqdqwdqqdqwdqqdqwdq qdqwdq qdqwdq qdqwdqqdqwdqqdqwdqqdqwdqqdqwdqqdqwdqqdqwdqqdqwdqqdqwdqqdqwdqqdqwdqqdqwdqqdqwdqqdqwdqqdqwdqqdqwdqqdqwdqqdqwdqqdqwdqqdqwdqqdqwdq qdqwdq qdqwdq qdqwdq qdqwdqqdqwdqqdqwdqqdqwdqqdqwdqqdqwdqqdqwdqqdqwdqqdqwdqqdqwdqqdqwdqqdqwdqqdqwdqqdqwdqqdqwdqqdqwdqqdqwdqqdqwdqqdqwdqqdqwdq qdqwdq qdqwdq qdqwdq qdqwdqqdqwdqqdqwdqqdqwdqqdqwdqqdqwdqqdqwdqqdqwdqqdqwdqqdqwdqqdqwdqqdqwdqqdqwdqqdqwdqqdqwdqqdqwdqqdqwdqqdqwdqqdqwdqqdqwdq qdqwdq qdqwdq qdqwdq qdqwdqqdqwdqqdqwdqqdqwdqqdqwdqqdqwdqqdqwdqqdqwdqqdqwdqqdqwdqqdqwdqqdqwdqqdqwdqqdqwdqqdqwdqqdqwdqqdqwdqqdqwdqqdqwdqqdqwdq qdqwdq qdqwdq qdqwdqqdqwdqqdqwdqqdqwdqqdqwdqqdqwdqqdqwdqqdqwdqqdqwdqqdqwdqqdqwdqqdqwdqqdqwdqqdqwdqqdqwdqqdqwdqqdqwdqqdqwdqqdqwdqqdqwdqqdqwdq qdqwdq qdqwdq qdqwdq qdqwdqqdqwdqqdqwdqqdqwdqqdqwdqqdqwdqqdqwdqqdqwdqqdqwdqqdqwdqqdqwdqqdqwdqqdqwdqqdqwdqqdqwdqqdqwdqqdqwdqqdqwdqqdqwdqqdqwdq qdqwdq qdqwdq qdqwdq qdqwdqqdqwdqqdqwdqqdqwdqqdqwdqqdqwdqqdqwdqqdqwdqqdqwdqqdqwdqqdqwdqqdqwdqqdqwdqqdqwdqqdqwdqqdqwdqqdqwdqqdqwdqqdqwdqqdqwdq qdqwdq qdqwdq qdqwdq qdqwdqqdqwdqqdqwdqqdqwdqqdqwdqqdqwdqqdqwdqqdqwdqqdqwdqqdqwdqqdqwdqqdqwdqqdqwdqqdqwdqqdqwdqqdqwdqqdqwdqqdqwdqqdqwdqqdqwdq qdqwdq qdqwdq qdqwdqqdqwdqqdqwdqqdqwdqqdqwdqqdqwdqqdqwdqqdqwdqqdqwdqqdqwdqqdqwdqqdqwdqqdqwdqqdqwdqqdqwdqqdqwdqqdqwdqqdqwdqqdqwdqqdqwdqqdqwdq qdqwdq qdqwdq qdqwdq qdqwdqqdqwdqqdqwdqqdqwdqqdqwdqqdqwdqqdqwdqqdqwdqqdqwdqqdqwdqqdqwdqqdqwdqqdqwdqqdqwdqqdqwdqqdqwdqqdqwdqqdqwdqqdqwdqqdqwdq qdqwdq qdqwdq qdqwdq qdqwdqqdqwdqqdqwdqqdqwdqqdqwdqqdqwdqqdqwdqqdqwdqqdqwdqqdqwdqqdqwdqqdqwdqqdqwdqqdqwdqqdqwdqqdqwdqqdqwdqqdqwdqqdqwdqqdqwdq qdqwdq qdqwdq qdqwdq qdqwdqqdqwdqqdqwdqqdqwdqqdqwdqqdqwdqqdqwdqqdqwdqqdqwdqqdqwdqqdqwdqqdqwdqqdqwdqqdqwdqqdqwdqqdqwdqqdqwdqqdqwdqqdqwdqqdqwdq qdqwdq qdqwdq qdqwdqqdqwdqqdqwdqqdqwdqqdqwdqqdqwdqqdqwdqqdqwdqqdqwdqqdqwdqqdqwdqqdqwdqqdqwdqqdqwdqqdqwdqqdqwdqqdqwdqqdqwdqqdqwdqqdqwdqqdqwdq qdqwdq qdqwdq qdqwdq qdqwdqqdqwdqqdqwdqqdqwdqqdqwdqqdqwdqqdqwdqqdqwdqqdqwdqqdqwdqqdqwdqqdqwdqqdqwdqqdqwdqqdqwdqqdqwdqqdqwdqqdqwdqqdqwdqqdqwdq qdqwdq qdqwdq qdqwdq qdqwdqqdqwdqqdqwdqqdqwdqqdqwdqqdqwdqqdqwdqqdqwdqqdqwdqqdqwdqqdqwdqqdqwdqqdqwdqqdqwdqqdqwdqqdqwdqqdqwdqqdqwdqqdqwdqqdqwdq qdqwdq qdqwdq qdqwdq qdqwdqqdqwdqqdqwdqqdqwdqqdqwdqqdqwdqqdqwdqqdqwdqqdqwdqqdqwdqqdqwdqqdqwdqqdqwdqqdqwdqqdqwdqqdqwdqqdqwdqqdqwdqqdqwdqqdqwdq qdqwdq qdqwdq qdqwdqqdqwdqqdqwdqqdqwdqqdqwdqqdqwdqqdqwdqqdqwdqqdqwdqqdqwdqqdqwdqqdqwdqqdqwdqqdqwdqqdqwdqqdqwdqqdqwdqqdqwdqqdqwdqqdqwdqqdqwdq qdqwdq qdqwdq qdqwdq qdqwdqqdqwdqqdqwdqqdqwdqqdqwdqqdqwdqqdqwdqqdqwdqqdqwdqqdqwdqqdqwdqqdqwdqqdqwdqqdqwdqqdqwdqqdqwdqqdqwdqqdqwdqqdqwdqqdqwdq qdqwdq qdqwdq qdqwdq qdqwdqqdqwdqqdqwdqqdqwdqqdqwdqqdqwdqqdqwdqqdqwdqqdqwdqqdqwdqqdqwdqqdqwdqqdqwdqqdqwdqqdqwdqqdqwdqqdqwdqqdqwdqqdqwdqqdqwdq qdqwdq qdqwdq qdqwdq qdqwdqqdqwdqqdqwdqqdqwdqqdqwdqqdqwdqqdqwdqqdqwdqqdqwdqqdqwdqqdqwdqqdqwdqqdqwdqqdqwdqqdqwdqqdqwdqqdqwdqqdqwdqqdqwdqqdqwdq qdqwdq qdqwdq qdqwdqqdqwdqqdqwdqqdqwdqqdqwdqqdqwdqqdqwdqqdqwdqqdqwdqqdqwdqqdqwdqqdqwdqqdqwdqqdqwdqqdqwdqqdqwdqqdqwdqqdqwdqqdqwdqqdqwdqqdqwdq qdqwdq qdqwdq qdqwdq qdqwdqqdqwdqqdqwdqqdqwdqqdqwdqqdqwdqqdqwdqqdqwdqqdqwdqqdqwdqqdqwdqqdqwdqqdqwdqqdqwdqqdqwdqqdqwdqqdqwdqqdqwdqqdqwdqqdqwdq qdqwdq qdqwdq qdqwdq qdqwdqqdqwdqqdqwdqqdqwdqqdqwdqqdqwdqqdqwdqqdqwdqqdqwdqqdqwdqqdqwdqqdqwdqqdqwdqqdqwdqqdqwdqqdqwdqqdqwdqqdqwdqqdqwdqqdqwdq qdqwdq qdqwdq qdqwdq qdqwdqqdqwdqqdqwdqqdqwdqqdqwdqqdqwdqqdqwdqqdqwdqqdqwdqqdqwdqqdqwdqqdqwdqqdqwdqqdqwdqqdqwdqqdqwdqqdqwdqqdqwdqqdqwdqqdqwdq qdqwdq qdqwdq qdqwdq\n\nqdqwdqqdqwdqqdqwdqqdqwdqqdqwdqqdqwdqqdqwdqqdqwdqqdqwdqqdqwdqqdqwdqqdqwdqqdqwdqqdqwdqqdqwdqqdqwdqqdqwdqqdqwdqqdqwdqqdqwdq qdqwdq qdqwdq qdqwdq qdqwdqqdqwdqqdqwdqqdqwdqqdqwdqqdqwdqqdqwdqqdqwdqqdqwdqqdqwdqqdqwdqqdqwdqqdqwdqqdqwdqqdqwdqqdqwdqqdqwdqqdqwdqqdqwdqqdqwdq qdqwdq qdqwdq qdqwdq qdqwdqqdqwdqqdqwdqqdqwdqqdqwdqqdqwdqqdqwdqqdqwdqqdqwdqqdqwdqqdqwdqqdqwdqqdqwdqqdqwdqqdqwdqqdqwdqqdqwdqqdqwdqqdqwdqqdqwdq qdqwdq qdqwdq qdqwdq qdqwdqqdqwdqqdqwdqqdqwdqqdqwdqqdqwdqqdqwdqqdqwdqqdqwdqqdqwdqqdqwdqqdqwdqqdqwdqqdqwdqqdqwdqqdqwdqqdqwdqqdqwdqqdqwdqqdqwdq qdqwdq qdqwdq qdqwdq qdqwdqqdqwdqqdqwdqqdqwdqqdqwdqqdqwdqqdqwdqqdqwdqqdqwdqqdqwdqqdqwdqqdqwdqqdqwdqqdqwdqqdqwdqqdqwdqqdqwdqqdqwdqqdqwdqqdqwdq qdqwdq qdqwdq qdqwdq qdqwdqqdqwdqqdqwdqqdqwdqqdqwdqqdqwdqqdqwdqqdqwdqqdqwdqqdqwdqqdqwdqqdqwdqqdqwdqqdqwdqqdqwdqqdqwdqqdqwdqqdqwdqqdqwdqqdqwdq qdqwdq qdqwdq qdqwdq qdqwdqqdqwdqqdqwdqqdqwdqqdqwdqqdqwdqqdqwdqqdqwdqqdqwdqqdqwdqqdqwdqqdqwdqqdqwdqqdqwdqqdqwdqqdqwdqqdqwdqqdqwdqqdqwdqqdqwdq qdqwdq qdqwdq qdqwdq qdqwdqqdqwdqqdqwdqqdqwdqqdqwdqqdqwdqqdqwdqqdqwdqqdqwdqqdqwdqqdqwdqqdqwdqqdqwdqqdqwdqqdqwdqqdqwdqqdqwdqqdqwdqqdqwdqqdqwdq qdqwdq qdqwdq qdqwdqqdqwdqqdqwdqqdqwdqqdqwdqqdqwdqqdqwdqqdqwdqqdqwdqqdqwdqqdqwdqqdqwdqqdqwdqqdqwdqqdqwdqqdqwdqqdqwdqqdqwdqqdqwdqqdqwdqqdqwdq qdqwdq qdqwdq qdqwdq qdqwdqqdqwdqqdqwdqqdqwdqqdqwdqqdqwdqqdqwdqqdqwdqqdqwdqqdqwdqqdqwdqqdqwdqqdqwdqqdqwdqqdqwdqqdqwdqqdqwdqqdqwdqqdqwdqqdqwdq qdqwdq qdqwdq qdqwdq qdqwdqqdqwdqqdqwdqqdqwdqqdqwdqqdqwdqqdqwdqqdqwdqqdqwdqqdqwdqqdqwdqqdqwdqqdqwdqqdqwdqqdqwdqqdqwdqqdqwdqqdqwdqqdqwdqqdqwdq qdqwdq qdqwdq qdqwdq qdqwdqqdqwdqqdqwdqqdqwdqqdqwdqqdqwdqqdqwdqqdqwdqqdqwdqqdqwdqqdqwdqqdqwdqqdqwdqqdqwdqqdqwdqqdqwdqqdqwdqqdqwdqqdqwdqqdqwdq qdqwdq qdqwdq qdqwdqqdqwdqqdqwdqqdqwdqqdqwdqqdqwdqqdqwdqqdqwdqqdqwdqqdqwdqqdqwdqqdqwdqqdqwdqqdqwdqqdqwdqqdqwdqqdqwdqqdqwdqqdqwdqqdqwdqqdqwdq qdqwdq qdqwdq qdqwdq qdqwdqqdqwdqqdqwdqqdqwdqqdqwdqqdqwdqqdqwdqqdqwdqqdqwdqqdqwdqqdqwdqqdqwdqqdqwdqqdqwdqqdqwdqqdqwdqqdqwdqqdqwdqqdqwdqqdqwdq qdqwdq qdqwdq qdqwdq qdqwdqqdqwdqqdqwdqqdqwdqqdqwdqqdqwdqqdqwdqqdqwdqqdqwdqqdqwdqqdqwdqqdqwdqqdqwdqqdqwdqqdqwdqqdqwdqqdqwdqqdqwdqqdqwdqqdqwdq qdqwdq qdqwdq qdqwdq qdqwdqqdqwdqqdqwdqqdqwdqqdqwdqqdqwdqqdqwdqqdqwdqqdqwdqqdqwdqqdqwdqqdqwdqqdqwdqqdqwdqqdqwdqqdqwdqqdqwdqqdqwdqqdqwdqqdqwdq qdqwdq qdqwdq qdqwdqqdqwdqqdqwdqqdqwdqqdqwdqqdqwdqqdqwdqqdqwdqqdqwdqqdqwdqqdqwdqqdqwdqqdqwdqqdqwdqqdqwdqqdqwdqqdqwdqqdqwdqqdqwdqqdqwdqqdqwdq qdqwdq qdqwdq qdqwdq qdqwdqqdqwdqqdqwdqqdqwdqqdqwdqqdqwdqqdqwdqqdqwdqqdqwdqqdqwdqqdqwdqqdqwdqqdqwdqqdqwdqqdqwdqqdqwdqqdqwdqqdqwdqqdqwdqqdqwdq qdqwdq qdqwdq qdqwdq qdqwdqqdqwdqqdqwdqqdqwdqqdqwdqqdqwdqqdqwdqqdqwdqqdqwdqqdqwdqqdqwdqqdqwdqqdqwdqqdqwdqqdqwdqqdqwdqqdqwdqqdqwdqqdqwdqqdqwdq qdqwdq qdqwdq qdqwdq qdqwdqqdqwdqqdqwdqqdqwdqqdqwdqqdqwdqqdqwdqqdqwdqqdqwdqqdqwdqqdqwdqqdqwdqqdqwdqqdqwdqqdqwdqqdqwdqqdqwdqqdqwdqqdqwdqqdqwdq qdqwdq qdqwdq qdqwdqqdqwdqqdqwdqqdqwdqqdqwdqqdqwdqqdqwdqqdqwdqqdqwdqqdqwdqqdqwdqqdqwdqqdqwdqqdqwdqqdqwdqqdqwdqqdqwdqqdqwdqqdqwdqqdqwdqqdqwdq qdqwdq qdqwdq qdqwdq qdqwdqqdqwdqqdqwdqqdqwdqqdqwdqqdqwdqqdqwdqqdqwdqqdqwdqqdqwdqqdqwdqqdqwdqqdqwdqqdqwdqqdqwdqqdqwdqqdqwdqqdqwdqqdqwdqqdqwdq qdqwdq qdqwdq qdqwdq qdqwdqqdqwdqqdqwdqqdqwdqqdqwdqqdqwdqqdqwdqqdqwdqqdqwdqqdqwdqqdqwdqqdqwdqqdqwdqqdqwdqqdqwdqqdqwdqqdqwdqqdqwdqqdqwdqqdqwdq qdqwdq qdqwdq qdqwdq qdqwdqqdqwdqqdqwdqqdqwdqqdqwdqqdqwdqqdqwdqqdqwdqqdqwdqqdqwdqqdqwdqqdqwdqqdqwdqqdqwdqqdqwdqqdqwdqqdqwdqqdqwdqqdqwdqqdqwdq qdqwdq qdqwdq qdqwdqqdqwdqqdqwdqqdqwdqqdqwdqqdqwdqqdqwdqqdqwdqqdqwdqqdqwdqqdqwdqqdqwdqqdqwdqqdqwdqqdqwdqqdqwdqqdqwdqqdqwdqqdqwdqqdqwdqqdqwdq qdqwdq qdqwdq qdqwdq qdqwdqqdqwdqqdqwdqqdqwdqqdqwdqqdqwdqqdqwdqqdqwdqqdqwdqqdqwdqqdqwdqqdqwdqqdqwdqqdqwdqqdqwdqqdqwdqqdqwdqqdqwdqqdqwdqqdqwdq qdqwdq qdqwdq qdqwdq qdqwdqqdqwdqqdqwdqqdqwdqqdqwdqqdqwdqqdqwdqqdqwdqqdqwdqqdqwdqqdqwdqqdqwdqqdqwdqqdqwdqqdqwdqqdqwdqqdqwdqqdqwdqqdqwdqqdqwdq qdqwdq qdqwdq qdqwdq qdqwdqqdqwdqqdqwdqqdqwdqqdqwdqqdqwdqqdqwdqqdqwdqqdqwdqqdqwdqqdqwdqqdqwdqqdqwdqqdqwdqqdqwdqqdqwdqqdqwdqqdqwdqqdqwdqqdqwdq qdqwdq qdqwdq qdqwdqqdqwdqqdqwdqqdqwdqqdqwdqqdqwdqqdqwdqqdqwdqqdqwdqqdqwdqqdqwdqqdqwdqqdqwdqqdqwdqqdqwdqqdqwdqqdqwdqqdqwdqqdqwdqqdqwdqqdqwdq qdqwdq qdqwdq qdqwdq qdqwdqqdqwdqqdqwdqqdqwdqqdqwdqqdqwdqqdqwdqqdqwdqqdqwdqqdqwdqqdqwdqqdqwdqqdqwdqqdqwdqqdqwdqqdqwdqqdqwdqqdqwdqqdqwdqqdqwdq qdqwdq qdqwdq qdqwdq qdqwdqqdqwdqqdqwdqqdqwdqqdqwdqqdqwdqqdqwdqqdqwdqqdqwdqqdqwdqqdqwdqqdqwdqqdqwdqqdqwdqqdqwdqqdqwdqqdqwdqqdqwdqqdqwdqqdqwdq qdqwdq qdqwdq qdqwdq qdqwdqqdqwdqqdqwdqqdqwdqqdqwdqqdqwdqqdqwdqqdqwdqqdqwdqqdqwdqqdqwdqqdqwdqqdqwdqqdqwdqqdqwdqqdqwdqqdqwdqqdqwdqqdqwdqqdqwdq qdqwdq qdqwdq qdqwdq\n\nqdqwdqqdqwdqqdqwdqqdqwdqqdqwdqqdqwdqqdqwdqqdqwdqqdqwdqqdqwdqqdqwdqqdqwdqqdqwdqqdqwdqqdqwdqqdqwdqqdqwdqqdqwdqqdqwdqqdqwdq qdqwdq qdqwdq qdqwdq qdqwdqqdqwdqqdqwdqqdqwdqqdqwdqqdqwdqqdqwdqqdqwdqqdqwdqqdqwdqqdqwdqqdqwdqqdqwdqqdqwdqqdqwdqqdqwdqqdqwdqqdqwdqqdqwdqqdqwdq qdqwdq qdqwdq qdqwdq qdqwdqqdqwdqqdqwdqqdqwdqqdqwdqqdqwdqqdqwdqqdqwdqqdqwdqqdqwdqqdqwdqqdqwdqqdqwdqqdqwdqqdqwdqqdqwdqqdqwdqqdqwdqqdqwdqqdqwdq qdqwdq qdqwdq qdqwdq qdqwdqqdqwdqqdqwdqqdqwdqqdqwdqqdqwdqqdqwdqqdqwdqqdqwdqqdqwdqqdqwdqqdqwdqqdqwdqqdqwdqqdqwdqqdqwdqqdqwdqqdqwdqqdqwdqqdqwdq qdqwdq qdqwdq qdqwdq qdqwdqqdqwdqqdqwdqqdqwdqqdqwdqqdqwdqqdqwdqqdqwdqqdqwdqqdqwdqqdqwdqqdqwdqqdqwdqqdqwdqqdqwdqqdqwdqqdqwdqqdqwdqqdqwdqqdqwdq qdqwdq qdqwdq qdqwdq qdqwdqqdqwdqqdqwdqqdqwdqqdqwdqqdqwdqqdqwdqqdqwdqqdqwdqqdqwdqqdqwdqqdqwdqqdqwdqqdqwdqqdqwdqqdqwdqqdqwdqqdqwdqqdqwdqqdqwdq qdqwdq qdqwdq qdqwdq qdqwdqqdqwdqqdqwdqqdqwdqqdqwdqqdqwdqqdqwdqqdqwdqqdqwdqqdqwdqqdqwdqqdqwdqqdqwdqqdqwdqqdqwdqqdqwdqqdqwdqqdqwdqqdqwdqqdqwdq qdqwdq qdqwdq qdqwdq qdqwdqqdqwdqqdqwdqqdqwdqqdqwdqqdqwdqqdqwdqqdqwdqqdqwdqqdqwdqqdqwdqqdqwdqqdqwdqqdqwdqqdqwdqqdqwdqqdqwdqqdqwdqqdqwdqqdqwdq qdqwdq qdqwdq qdqwdqqdqwdqqdqwdqqdqwdqqdqwdqqdqwdqqdqwdqqdqwdqqdqwdqqdqwdqqdqwdqqdqwdqqdqwdqqdqwdqqdqwdqqdqwdqqdqwdqqdqwdqqdqwdqqdqwdqqdqwdq qdqwdq qdqwdq qdqwdq qdqwdqqdqwdqqdqwdqqdqwdqqdqwdqqdqwdqqdqwdqqdqwdqqdqwdqqdqwdqqdqwdqqdqwdqqdqwdqqdqwdqqdqwdqqdqwdqqdqwdqqdqwdqqdqwdqqdqwdq qdqwdq qdqwdq qdqwdq qdqwdqqdqwdqqdqwdqqdqwdqqdqwdqqdqwdqqdqwdqqdqwdqqdqwdqqdqwdqqdqwdqqdqwdqqdqwdqqdqwdqqdqwdqqdqwdqqdqwdqqdqwdqqdqwdqqdqwdq qdqwdq qdqwdq qdqwdq qdqwdqqdqwdqqdqwdqqdqwdqqdqwdqqdqwdqqdqwdqqdqwdqqdqwdqqdqwdqqdqwdqqdqwdqqdqwdqqdqwdqqdqwdqqdqwdqqdqwdqqdqwdqqdqwdqqdqwdq qdqwdq qdqwdq qdqwdqqdqwdqqdqwdqqdqwdqqdqwdqqdqwdqqdqwdqqdqwdqqdqwdqqdqwdqqdqwdqqdqwdqqdqwdqqdqwdqqdqwdqqdqwdqqdqwdqqdqwdqqdqwdqqdqwdqqdqwdq qdqwdq qdqwdq qdqwdq qdqwdqqdqwdqqdqwdqqdqwdqqdqwdqqdqwdqqdqwdqqdqwdqqdqwdqqdqwdqqdqwdqqdqwdqqdqwdqqdqwdqqdqwdqqdqwdqqdqwdqqdqwdqqdqwdqqdqwdq qdqwdq qdqwdq qdqwdq qdqwdqqdqwdqqdqwdqqdqwdqqdqwdqqdqwdqqdqwdqqdqwdqqdqwdqqdqwdqqdqwdqqdqwdqqdqwdqqdqwdqqdqwdqqdqwdqqdqwdqqdqwdqqdqwdqqdqwdq qdqwdq qdqwdq qdqwdq qdqwdqqdqwdqqdqwdqqdqwdqqdqwdqqdqwdqqdqwdqqdqwdqqdqwdqqdqwdqqdqwdqqdqwdqqdqwdqqdqwdqqdqwdqqdqwdqqdqwdqqdqwdqqdqwdqqdqwdq qdqwdq qdqwdq qdqwdqqdqwdqqdqwdqqdqwdqqdqwdqqdqwdqqdqwdqqdqwdqqdqwdqqdqwdqqdqwdqqdqwdqqdqwdqqdqwdqqdqwdqqdqwdqqdqwdqqdqwdqqdqwdqqdqwdqqdqwdq qdqwdq qdqwdq qdqwdq qdqwdqqdqwdqqdqwdqqdqwdqqdqwdqqdqwdqqdqwdqqdqwdqqdqwdqqdqwdqqdqwdqqdqwdqqdqwdqqdqwdqqdqwdqqdqwdqqdqwdqqdqwdqqdqwdqqdqwdq qdqwdq qdqwdq qdqwdq qdqwdqqdqwdqqdqwdqqdqwdqqdqwdqqdqwdqqdqwdqqdqwdqqdqwdqqdqwdqqdqwdqqdqwdqqdqwdqqdqwdqqdqwdqqdqwdqqdqwdqqdqwdqqdqwdqqdqwdq qdqwdq qdqwdq qdqwdq qdqwdqqdqwdqqdqwdqqdqwdqqdqwdqqdqwdqqdqwdqqdqwdqqdqwdqqdqwdqqdqwdqqdqwdqqdqwdqqdqwdqqdqwdqqdqwdqqdqwdqqdqwdqqdqwdqqdqwdq qdqwdq qdqwdq qdqwdqqdqwdqqdqwdqqdqwdqqdqwdqqdqwdqqdqwdqqdqwdqqdqwdqqdqwdqqdqwdqqdqwdqqdqwdqqdqwdqqdqwdqqdqwdqqdqwdqqdqwdqqdqwdqqdqwdqqdqwdq qdqwdq qdqwdq qdqwdq qdqwdqqdqwdqqdqwdqqdqwdqqdqwdqqdqwdqqdqwdqqdqwdqqdqwdqqdqwdqqdqwdqqdqwdqqdqwdqqdqwdqqdqwdqqdqwdqqdqwdqqdqwdqqdqwdqqdqwdq qdqwdq qdqwdq qdqwdq qdqwdqqdqwdqqdqwdqqdqwdqqdqwdqqdqwdqqdqwdqqdqwdqqdqwdqqdqwdqqdqwdqqdqwdqqdqwdqqdqwdqqdqwdqqdqwdqqdqwdqqdqwdqqdqwdqqdqwdq qdqwdq qdqwdq qdqwdq qdqwdqqdqwdqqdqwdqqdqwdqqdqwdqqdqwdqqdqwdqqdqwdqqdqwdqqdqwdqqdqwdqqdqwdqqdqwdqqdqwdqqdqwdqqdqwdqqdqwdqqdqwdqqdqwdqqdqwdq qdqwdq qdqwdq qdqwdqqdqwdqqdqwdqqdqwdqqdqwdqqdqwdqqdqwdqqdqwdqqdqwdqqdqwdqqdqwdqqdqwdqqdqwdqqdqwdqqdqwdqqdqwdqqdqwdqqdqwdqqdqwdqqdqwdqqdqwdq qdqwdq qdqwdq qdqwdq qdqwdqqdqwdqqdqwdqqdqwdqqdqwdqqdqwdqqdqwdqqdqwdqqdqwdqqdqwdqqdqwdqqdqwdqqdqwdqqdqwdqqdqwdqqdqwdqqdqwdqqdqwdqqdqwdqqdqwdq qdqwdq qdqwdq qdqwdq qdqwdqqdqwdqqdqwdqqdqwdqqdqwdqqdqwdqqdqwdqqdqwdqqdqwdqqdqwdqqdqwdqqdqwdqqdqwdqqdqwdqqdqwdqqdqwdqqdqwdqqdqwdqqdqwdqqdqwdq qdqwdq qdqwdq qdqwdq qdqwdqqdqwdqqdqwdqqdqwdqqdqwdqqdqwdqqdqwdqqdqwdqqdqwdqqdqwdqqdqwdqqdqwdqqdqwdqqdqwdqqdqwdqqdqwdqqdqwdqqdqwdqqdqwdqqdqwdq qdqwdq qdqwdq qdqwdqqdqwdqqdqwdqqdqwdqqdqwdqqdqwdqqdqwdqqdqwdqqdqwdqqdqwdqqdqwdqqdqwdqqdqwdqqdqwdqqdqwdqqdqwdqqdqwdqqdqwdqqdqwdqqdqwdqqdqwdq qdqwdq qdqwdq qdqwdq qdqwdqqdqwdqqdqwdqqdqwdqqdqwdqqdqwdqqdqwdqqdqwdqqdqwdqqdqwdqqdqwdqqdqwdqqdqwdqqdqwdqqdqwdqqdqwdqqdqwdqqdqwdqqdqwdqqdqwdq qdqwdq qdqwdq qdqwdq qdqwdqqdqwdqqdqwdqqdqwdqqdqwdqqdqwdqqdqwdqqdqwdqqdqwdqqdqwdqqdqwdqqdqwdqqdqwdqqdqwdqqdqwdqqdqwdqqdqwdqqdqwdqqdqwdqqdqwdq qdqwdq qdqwdq qdqwdq qdqwdqqdqwdqqdqwdqqdqwdqqdqwdqqdqwdqqdqwdqqdqwdqqdqwdqqdqwdqqdqwdqqdqwdqqdqwdqqdqwdqqdqwdqqdqwdqqdqwdqqdqwdqqdqwdqqdqwdq qdqwdq qdqwdq qdqwdq\n\nqdqwdqqdqwdqqdqwdqqdqwdqqdqwdqqdqwdqqdqwdqqdqwdqqdqwdqqdqwdqqdqwdqqdqwdqqdqwdqqdqwdqqdqwdqqdqwdqqdqwdqqdqwdqqdqwdqqdqwdq qdqwdq qdqwdq qdqwdq qdqwdqqdqwdqqdqwdqqdqwdqqdqwdqqdqwdqqdqwdqqdqwdqqdqwdqqdqwdqqdqwdqqdqwdqqdqwdqqdqwdqqdqwdqqdqwdqqdqwdqqdqwdqqdqwdqqdqwdq qdqwdq qdqwdq qdqwdq qdqwdqqdqwdqqdqwdqqdqwdqqdqwdqqdqwdqqdqwdqqdqwdqqdqwdqqdqwdqqdqwdqqdqwdqqdqwdqqdqwdqqdqwdqqdqwdqqdqwdqqdqwdqqdqwdqqdqwdq qdqwdq qdqwdq qdqwdq qdqwdqqdqwdqqdqwdqqdqwdqqdqwdqqdqwdqqdqwdqqdqwdqqdqwdqqdqwdqqdqwdqqdqwdqqdqwdqqdqwdqqdqwdqqdqwdqqdqwdqqdqwdqqdqwdqqdqwdq qdqwdq qdqwdq qdqwdq qdqwdqqdqwdqqdqwdqqdqwdqqdqwdqqdqwdqqdqwdqqdqwdqqdqwdqqdqwdqqdqwdqqdqwdqqdqwdqqdqwdqqdqwdqqdqwdqqdqwdqqdqwdqqdqwdqqdqwdq qdqwdq qdqwdq qdqwdq qdqwdqqdqwdqqdqwdqqdqwdqqdqwdqqdqwdqqdqwdqqdqwdqqdqwdqqdqwdqqdqwdqqdqwdqqdqwdqqdqwdqqdqwdqqdqwdqqdqwdqqdqwdqqdqwdqqdqwdq qdqwdq qdqwdq qdqwdq qdqwdqqdqwdqqdqwdqqdqwdqqdqwdqqdqwdqqdqwdqqdqwdqqdqwdqqdqwdqqdqwdqqdqwdqqdqwdqqdqwdqqdqwdqqdqwdqqdqwdqqdqwdqqdqwdqqdqwdq qdqwdq qdqwdq qdqwdq qdqwdqqdqwdqqdqwdqqdqwdqqdqwdqqdqwdqqdqwdqqdqwdqqdqwdqqdqwdqqdqwdqqdqwdqqdqwdqqdqwdqqdqwdqqdqwdqqdqwdqqdqwdqqdqwdqqdqwdq qdqwdq qdqwdq qdqwdqqdqwdqqdqwdqqdqwdqqdqwdqqdqwdqqdqwdqqdqwdqqdqwdqqdqwdqqdqwdqqdqwdqqdqwdqqdqwdqqdqwdqqdqwdqqdqwdqqdqwdqqdqwdqqdqwdqqdqwdq qdqwdq qdqwdq qdqwdq qdqwdqqdqwdqqdqwdqqdqwdqqdqwdqqdqwdqqdqwdqqdqwdqqdqwdqqdqwdqqdqwdqqdqwdqqdqwdqqdqwdqqdqwdqqdqwdqqdqwdqqdqwdqqdqwdqqdqwdq qdqwdq qdqwdq qdqwdq qdqwdqqdqwdqqdqwdqqdqwdqqdqwdqqdqwdqqdqwdqqdqwdqqdqwdqqdqwdqqdqwdqqdqwdqqdqwdqqdqwdqqdqwdqqdqwdqqdqwdqqdqwdqqdqwdqqdqwdq qdqwdq qdqwdq qdqwdq qdqwdqqdqwdqqdqwdqqdqwdqqdqwdqqdqwdqqdqwdqqdqwdqqdqwdqqdqwdqqdqwdqqdqwdqqdqwdqqdqwdqqdqwdqqdqwdqqdqwdqqdqwdqqdqwdqqdqwdq qdqwdq qdqwdq qdqwdqqdqwdqqdqwdqqdqwdqqdqwdqqdqwdqqdqwdqqdqwdqqdqwdqqdqwdqqdqwdqqdqwdqqdqwdqqdqwdqqdqwdqqdqwdqqdqwdqqdqwdqqdqwdqqdqwdqqdqwdq qdqwdq qdqwdq qdqwdq qdqwdqqdqwdqqdqwdqqdqwdqqdqwdqqdqwdqqdqwdqqdqwdqqdqwdqqdqwdqqdqwdqqdqwdqqdqwdqqdqwdqqdqwdqqdqwdqqdqwdqqdqwdqqdqwdqqdqwdq qdqwdq qdqwdq qdqwdq qdqwdqqdqwdqqdqwdqqdqwdqqdqwdqqdqwdqqdqwdqqdqwdqqdqwdqqdqwdqqdqwdqqdqwdqqdqwdqqdqwdqqdqwdqqdqwdqqdqwdqqdqwdqqdqwdqqdqwdq qdqwdq qdqwdq qdqwdq qdqwdqqdqwdqqdqwdqqdqwdqqdqwdqqdqwdqqdqwdqqdqwdqqdqwdqqdqwdqqdqwdqqdqwdqqdqwdqqdqwdqqdqwdqqdqwdqqdqwdqqdqwdqqdqwdqqdqwdq qdqwdq qdqwdq qdqwdqqdqwdqqdqwdqqdqwdqqdqwdqqdqwdqqdqwdqqdqwdqqdqwdqqdqwdqqdqwdqqdqwdqqdqwdqqdqwdqqdqwdqqdqwdqqdqwdqqdqwdqqdqwdqqdqwdqqdqwdq qdqwdq qdqwdq qdqwdq qdqwdqqdqwdqqdqwdqqdqwdqqdqwdqqdqwdqqdqwdqqdqwdqqdqwdqqdqwdqqdqwdqqdqwdqqdqwdqqdqwdqqdqwdqqdqwdqqdqwdqqdqwdqqdqwdqqdqwdq qdqwdq qdqwdq qdqwdq qdqwdqqdqwdqqdqwdqqdqwdqqdqwdqqdqwdqqdqwdqqdqwdqqdqwdqqdqwdqqdqwdqqdqwdqqdqwdqqdqwdqqdqwdqqdqwdqqdqwdqqdqwdqqdqwdqqdqwdq qdqwdq qdqwdq qdqwdq qdqwdqqdqwdqqdqwdqqdqwdqqdqwdqqdqwdqqdqwdqqdqwdqqdqwdqqdqwdqqdqwdqqdqwdqqdqwdqqdqwdqqdqwdqqdqwdqqdqwdqqdqwdqqdqwdqqdqwdq qdqwdq qdqwdq qdqwdqqdqwdqqdqwdqqdqwdqqdqwdqqdqwdqqdqwdqqdqwdqqdqwdqqdqwdqqdqwdqqdqwdqqdqwdqqdqwdqqdqwdqqdqwdqqdqwdqqdqwdqqdqwdqqdqwdqqdqwdq qdqwdq qdqwdq qdqwdq qdqwdqqdqwdqqdqwdqqdqwdqqdqwdqqdqwdqqdqwdqqdqwdqqdqwdqqdqwdqqdqwdqqdqwdqqdqwdqqdqwdqqdqwdqqdqwdqqdqwdqqdqwdqqdqwdqqdqwdq qdqwdq qdqwdq qdqwdq qdqwdqqdqwdqqdqwdqqdqwdqqdqwdqqdqwdqqdqwdqqdqwdqqdqwdqqdqwdqqdqwdqqdqwdqqdqwdqqdqwdqqdqwdqqdqwdqqdqwdqqdqwdqqdqwdqqdqwdq qdqwdq qdqwdq qdqwdq qdqwdqqdqwdqqdqwdqqdqwdqqdqwdqqdqwdqqdqwdqqdqwdqqdqwdqqdqwdqqdqwdqqdqwdqqdqwdqqdqwdqqdqwdqqdqwdqqdqwdqqdqwdqqdqwdqqdqwdq qdqwdq qdqwdq qdqwdqqdqwdqqdqwdqqdqwdqqdqwdqqdqwdqqdqwdqqdqwdqqdqwdqqdqwdqqdqwdqqdqwdqqdqwdqqdqwdqqdqwdqqdqwdqqdqwdqqdqwdqqdqwdqqdqwdqqdqwdq qdqwdq qdqwdq qdqwdq qdqwdqqdqwdqqdqwdqqdqwdqqdqwdqqdqwdqqdqwdqqdqwdqqdqwdqqdqwdqqdqwdqqdqwdqqdqwdqqdqwdqqdqwdqqdqwdqqdqwdqqdqwdqqdqwdqqdqwdq qdqwdq qdqwdq qdqwdq qdqwdqqdqwdqqdqwdqqdqwdqqdqwdqqdqwdqqdqwdqqdqwdqqdqwdqqdqwdqqdqwdqqdqwdqqdqwdqqdqwdqqdqwdqqdqwdqqdqwdqqdqwdqqdqwdqqdqwdq qdqwdq qdqwdq qdqwdq qdqwdqqdqwdqqdqwdqqdqwdqqdqwdqqdqwdqqdqwdqqdqwdqqdqwdqqdqwdqqdqwdqqdqwdqqdqwdqqdqwdqqdqwdqqdqwdqqdqwdqqdqwdqqdqwdqqdqwdq qdqwdq qdqwdq qdqwdqqdqwdqqdqwdqqdqwdqqdqwdqqdqwdqqdqwdqqdqwdqqdqwdqqdqwdqqdqwdqqdqwdqqdqwdqqdqwdqqdqwdqqdqwdqqdqwdqqdqwdqqdqwdqqdqwdqqdqwdq qdqwdq qdqwdq qdqwdq qdqwdqqdqwdqqdqwdqqdqwdqqdqwdqqdqwdqqdqwdqqdqwdqqdqwdqqdqwdqqdqwdqqdqwdqqdqwdqqdqwdqqdqwdqqdqwdqqdqwdqqdqwdqqdqwdqqdqwdq qdqwdq qdqwdq qdqwdq qdqwdqqdqwdqqdqwdqqdqwdqqdqwdqqdqwdqqdqwdqqdqwdqqdqwdqqdqwdqqdqwdqqdqwdqqdqwdqqdqwdqqdqwdqqdqwdqqdqwdqqdqwdqqdqwdqqdqwdq qdqwdq qdqwdq qdqwdq qdqwdqqdqwdqqdqwdqqdqwdqqdqwdqqdqwdqqdqwdqqdqwdqqdqwdqqdqwdqqdqwdqqdqwdqqdqwdqqdqwdqqdqwdqqdqwdqqdqwdqqdqwdqqdqwdqqdqwdq qdqwdq qdqwdq qdqwdq\n\n\n\n','2024-08-02 17:28:13','2024-08-02 17:28:13'),(185,1,'6a71b7fc-f4d4-4c17-8895-d8f23d91dfa2','s','2024-08-02 17:53:37','2024-08-02 17:53:37'),(186,1,'6a71b7fc-f4d4-4c17-8895-d8f23d91dfa2','iwnr i io23 ','2024-08-02 17:53:43','2024-08-02 17:53:43'),(187,1,'6a71b7fc-f4d4-4c17-8895-d8f23d91dfa2','njkngh e e e e ','2024-08-02 17:53:52','2024-08-02 17:53:52'),(188,1,'72946874-8957-40c3-a00c-0f4c0af4b366','https://en.wikipedia.org/wiki/File:Nihongo.svg','2024-08-02 17:54:08','2024-08-02 17:54:08'),(189,1,'72946874-8957-40c3-a00c-0f4c0af4b366','The Japonic family also includes the Ryukyuan languages and the variously classified Hachij language.','2024-08-02 17:54:19','2024-08-02 17:54:19'),(190,1,'6a71b7fc-f4d4-4c17-8895-d8f23d91dfa2','','2024-08-02 17:54:35','2024-08-02 17:54:35'),(191,1,'6a71b7fc-f4d4-4c17-8895-d8f23d91dfa2','1941(7)\n\n','2024-08-02 17:54:55','2024-08-02 17:54:55'),(192,1,'72946874-8957-40c3-a00c-0f4c0af4b366','1941(7)\n\n1941(7)\n\n1941(7)\n\n1941(7)\n\n1941(7)\n\n1941(7)\n\n','2024-08-02 17:55:01','2024-08-02 17:55:01'),(193,1,'6a71b7fc-f4d4-4c17-8895-d8f23d91dfa2','d','2024-08-02 18:05:46','2024-08-02 18:05:46'),(194,1,'72946874-8957-40c3-a00c-0f4c0af4b366','k','2024-08-02 18:06:05','2024-08-02 18:06:05'),(195,1,'6a71b7fc-f4d4-4c17-8895-d8f23d91dfa2','ok','2024-08-02 18:06:10','2024-08-02 18:06:10'),(196,1,'72946874-8957-40c3-a00c-0f4c0af4b366','a','2024-08-02 18:06:17','2024-08-02 18:06:17'),(197,1,'72946874-8957-40c3-a00c-0f4c0af4b366','l','2024-08-02 18:06:20','2024-08-02 18:06:20'),(198,1,'6a71b7fc-f4d4-4c17-8895-d8f23d91dfa2','ergerg','2024-08-02 18:30:07','2024-08-02 18:30:07'),(199,1,'6a71b7fc-f4d4-4c17-8895-d8f23d91dfa2','\n\n1941(7)\n\n','2024-08-02 18:35:21','2024-08-02 18:35:21'),(200,8,'6a71b7fc-f4d4-4c17-8895-d8f23d91dfa2','gg','2024-08-02 18:40:07','2024-08-02 18:40:07'),(201,1,'72946874-8957-40c3-a00c-0f4c0af4b366','ok!','2024-08-02 19:09:36','2024-08-02 19:09:36'),(202,1,'72946874-8957-40c3-a00c-0f4c0af4b366','gg guys','2024-08-02 19:46:17','2024-08-02 19:46:17'),(203,1,'6a71b7fc-f4d4-4c17-8895-d8f23d91dfa2','gg','2024-08-02 19:46:27','2024-08-02 19:46:27'),(204,1,'72946874-8957-40c3-a00c-0f4c0af4b366','chat','2024-08-02 19:46:31','2024-08-02 19:46:31'),(205,1,'6a71b7fc-f4d4-4c17-8895-d8f23d91dfa2','a','2024-08-02 19:46:54','2024-08-02 19:46:54'),(206,1,'72946874-8957-40c3-a00c-0f4c0af4b366','a','2024-08-02 19:46:56','2024-08-02 19:46:56'),(207,1,'72946874-8957-40c3-a00c-0f4c0af4b366','a','2024-08-02 19:46:56','2024-08-02 19:46:56'),(208,1,'72946874-8957-40c3-a00c-0f4c0af4b366','a','2024-08-02 19:46:57','2024-08-02 19:46:57'),(209,1,'72946874-8957-40c3-a00c-0f4c0af4b366','a','2024-08-02 19:46:57','2024-08-02 19:46:57'),(210,1,'72946874-8957-40c3-a00c-0f4c0af4b366','a','2024-08-02 19:46:57','2024-08-02 19:46:57'),(211,1,'72946874-8957-40c3-a00c-0f4c0af4b366','a','2024-08-02 19:46:57','2024-08-02 19:46:57'),(212,1,'72946874-8957-40c3-a00c-0f4c0af4b366','a','2024-08-02 19:46:57','2024-08-02 19:46:57'),(213,1,'72946874-8957-40c3-a00c-0f4c0af4b366','a','2024-08-02 19:46:58','2024-08-02 19:46:58'),(214,1,'72946874-8957-40c3-a00c-0f4c0af4b366','a','2024-08-02 19:46:58','2024-08-02 19:46:58'),(215,1,'72946874-8957-40c3-a00c-0f4c0af4b366','a','2024-08-02 19:46:58','2024-08-02 19:46:58'),(216,1,'72946874-8957-40c3-a00c-0f4c0af4b366','a','2024-08-02 19:46:58','2024-08-02 19:46:58'),(217,1,'72946874-8957-40c3-a00c-0f4c0af4b366','a','2024-08-02 19:46:58','2024-08-02 19:46:58'),(218,1,'6a71b7fc-f4d4-4c17-8895-d8f23d91dfa2','d','2024-08-02 19:47:02','2024-08-02 19:47:02'),(219,1,'6a71b7fc-f4d4-4c17-8895-d8f23d91dfa2','d','2024-08-02 19:47:02','2024-08-02 19:47:02'),(220,1,'6a71b7fc-f4d4-4c17-8895-d8f23d91dfa2','d','2024-08-02 19:47:02','2024-08-02 19:47:02'),(221,1,'6a71b7fc-f4d4-4c17-8895-d8f23d91dfa2','d','2024-08-02 19:47:03','2024-08-02 19:47:03'),(222,1,'6a71b7fc-f4d4-4c17-8895-d8f23d91dfa2','d','2024-08-02 19:47:03','2024-08-02 19:47:03'),(223,1,'6a71b7fc-f4d4-4c17-8895-d8f23d91dfa2','a','2024-08-02 19:47:03','2024-08-02 19:47:03'),(224,1,'6a71b7fc-f4d4-4c17-8895-d8f23d91dfa2','d','2024-08-02 19:47:03','2024-08-02 19:47:03'),(225,1,'6a71b7fc-f4d4-4c17-8895-d8f23d91dfa2','a','2024-08-02 19:47:03','2024-08-02 19:47:03'),(226,1,'72946874-8957-40c3-a00c-0f4c0af4b366','d','2024-08-02 19:47:11','2024-08-02 19:47:11'),(227,1,'6a71b7fc-f4d4-4c17-8895-d8f23d91dfa2','d','2024-08-02 19:47:14','2024-08-02 19:47:14'),(228,1,'6a71b7fc-f4d4-4c17-8895-d8f23d91dfa2','d','2024-08-02 19:47:21','2024-08-02 19:47:21'),(229,1,'72946874-8957-40c3-a00c-0f4c0af4b366',';l;\'l,;\'l;,l;,;\'','2024-08-02 19:47:26','2024-08-02 19:47:26'),(230,1,'72946874-8957-40c3-a00c-0f4c0af4b366','l','2024-08-02 19:47:26','2024-08-02 19:47:26'),(231,5,'72946874-8957-40c3-a00c-0f4c0af4b366','l','2024-08-02 20:11:37','2024-08-02 20:11:37'),(232,1,'6a71b7fc-f4d4-4c17-8895-d8f23d91dfa2','l','2024-08-02 20:11:45','2024-08-02 20:11:45'),(233,5,'72946874-8957-40c3-a00c-0f4c0af4b366','llk','2024-08-02 20:12:09','2024-08-02 20:12:09'),(234,1,'6a71b7fc-f4d4-4c17-8895-d8f23d91dfa2','a','2024-08-02 20:12:33','2024-08-02 20:12:33'),(235,1,'6a71b7fc-f4d4-4c17-8895-d8f23d91dfa2','k','2024-08-02 20:14:36','2024-08-02 20:14:36'),(236,1,'6a71b7fc-f4d4-4c17-8895-d8f23d91dfa2','a','2024-08-02 20:16:02','2024-08-02 20:16:02'),(237,5,'72946874-8957-40c3-a00c-0f4c0af4b366','aaa','2024-08-02 20:19:50','2024-08-02 20:19:50'),(238,1,'6a71b7fc-f4d4-4c17-8895-d8f23d91dfa2','!!!!!!','2024-08-02 20:20:00','2024-08-02 20:20:00'),(239,5,'72946874-8957-40c3-a00c-0f4c0af4b366','a','2024-08-02 20:20:35','2024-08-02 20:20:35'),(240,1,'6a71b7fc-f4d4-4c17-8895-d8f23d91dfa2','@@@@@','2024-08-02 20:20:39','2024-08-02 20:20:39'),(241,1,'6a71b7fc-f4d4-4c17-8895-d8f23d91dfa2','#','2024-08-02 20:20:48','2024-08-02 20:20:48'),(242,1,'6a71b7fc-f4d4-4c17-8895-d8f23d91dfa2','!','2024-08-02 20:20:50','2024-08-02 20:20:50'),(243,1,'6a71b7fc-f4d4-4c17-8895-d8f23d91dfa2','#','2024-08-02 20:20:52','2024-08-02 20:20:52'),(244,8,'6a71b7fc-f4d4-4c17-8895-d8f23d91dfa2','l','2024-08-02 20:21:01','2024-08-02 20:21:01'),(245,1,'72946874-8957-40c3-a00c-0f4c0af4b366','!####','2024-08-02 20:21:13','2024-08-02 20:21:13'),(246,1,'6a71b7fc-f4d4-4c17-8895-d8f23d91dfa2','q','2024-08-02 20:29:07','2024-08-02 20:29:07'),(247,1,'6a71b7fc-f4d4-4c17-8895-d8f23d91dfa2','k','2024-08-02 20:32:17','2024-08-02 20:32:17'),(248,8,'6a71b7fc-f4d4-4c17-8895-d8f23d91dfa2','i','2024-08-02 20:32:26','2024-08-02 20:32:26'),(249,1,'6a71b7fc-f4d4-4c17-8895-d8f23d91dfa2','kl','2024-08-02 20:35:54','2024-08-02 20:35:54'),(250,1,'72946874-8957-40c3-a00c-0f4c0af4b366','ok','2024-08-02 20:36:11','2024-08-02 20:36:11'),(251,1,'72946874-8957-40c3-a00c-0f4c0af4b366','kl','2024-08-02 20:36:18','2024-08-02 20:36:18'),(252,1,'72946874-8957-40c3-a00c-0f4c0af4b366','l','2024-08-02 20:36:24','2024-08-02 20:36:24'),(253,1,'72946874-8957-40c3-a00c-0f4c0af4b366','ok','2024-08-02 20:36:28','2024-08-02 20:36:28'),(254,1,'72946874-8957-40c3-a00c-0f4c0af4b366','jk','2024-08-02 20:36:35','2024-08-02 20:36:35'),(255,1,'72946874-8957-40c3-a00c-0f4c0af4b366','k','2024-08-02 20:38:24','2024-08-02 20:38:24'),(256,1,'72946874-8957-40c3-a00c-0f4c0af4b366','k','2024-08-02 20:38:28','2024-08-02 20:38:28'),(257,1,'72946874-8957-40c3-a00c-0f4c0af4b366','l','2024-08-02 20:39:51','2024-08-02 20:39:51'),(258,1,'72946874-8957-40c3-a00c-0f4c0af4b366','l','2024-08-02 20:39:53','2024-08-02 20:39:53'),(259,1,'72946874-8957-40c3-a00c-0f4c0af4b366','o','2024-08-02 20:39:55','2024-08-02 20:39:55'),(260,1,'72946874-8957-40c3-a00c-0f4c0af4b366','l','2024-08-02 20:40:07','2024-08-02 20:40:07'),(261,1,'72946874-8957-40c3-a00c-0f4c0af4b366','ll','2024-08-02 20:40:08','2024-08-02 20:40:08'),(262,1,'72946874-8957-40c3-a00c-0f4c0af4b366','l','2024-08-02 20:40:08','2024-08-02 20:40:08'),(263,1,'72946874-8957-40c3-a00c-0f4c0af4b366','l','2024-08-02 20:40:08','2024-08-02 20:40:08'),(264,1,'72946874-8957-40c3-a00c-0f4c0af4b366','ll','2024-08-02 20:41:08','2024-08-02 20:41:08'),(265,1,'72946874-8957-40c3-a00c-0f4c0af4b366','l','2024-08-02 20:41:09','2024-08-02 20:41:09'),(266,1,'72946874-8957-40c3-a00c-0f4c0af4b366','l','2024-08-02 20:41:10','2024-08-02 20:41:10'),(267,1,'72946874-8957-40c3-a00c-0f4c0af4b366','o','2024-08-02 20:41:23','2024-08-02 20:41:23'),(268,1,'72946874-8957-40c3-a00c-0f4c0af4b366','k','2024-08-02 20:41:25','2024-08-02 20:41:25'),(269,1,'72946874-8957-40c3-a00c-0f4c0af4b366','e','2024-08-02 20:41:26','2024-08-02 20:41:26'),(270,1,'72946874-8957-40c3-a00c-0f4c0af4b366','y','2024-08-02 20:41:27','2024-08-02 20:41:27'),(271,8,'6a71b7fc-f4d4-4c17-8895-d8f23d91dfa2','a','2024-08-02 20:42:11','2024-08-02 20:42:11'),(272,8,'6a71b7fc-f4d4-4c17-8895-d8f23d91dfa2','a','2024-08-02 20:42:11','2024-08-02 20:42:11'),(273,8,'6a71b7fc-f4d4-4c17-8895-d8f23d91dfa2','a','2024-08-02 20:42:11','2024-08-02 20:42:11'),(274,1,'72946874-8957-40c3-a00c-0f4c0af4b366','op','2024-08-02 20:42:20','2024-08-02 20:42:20'),(275,1,'72946874-8957-40c3-a00c-0f4c0af4b366','j','2024-08-02 20:43:32','2024-08-02 20:43:32'),(276,1,'6a71b7fc-f4d4-4c17-8895-d8f23d91dfa2','l','2024-08-02 20:43:35','2024-08-02 20:43:35'),(277,1,'6a71b7fc-f4d4-4c17-8895-d8f23d91dfa2','l','2024-08-02 20:43:35','2024-08-02 20:43:35'),(278,1,'6a71b7fc-f4d4-4c17-8895-d8f23d91dfa2','l','2024-08-02 20:43:36','2024-08-02 20:43:36'),(279,1,'6a71b7fc-f4d4-4c17-8895-d8f23d91dfa2','l','2024-08-02 20:43:36','2024-08-02 20:43:36'),(280,1,'6a71b7fc-f4d4-4c17-8895-d8f23d91dfa2','l','2024-08-02 20:43:37','2024-08-02 20:43:37'),(281,1,'6a71b7fc-f4d4-4c17-8895-d8f23d91dfa2','l','2024-08-02 20:43:37','2024-08-02 20:43:37'),(282,1,'6a71b7fc-f4d4-4c17-8895-d8f23d91dfa2','llk','2024-08-02 20:43:38','2024-08-02 20:43:38'),(283,1,'6a71b7fc-f4d4-4c17-8895-d8f23d91dfa2','k','2024-08-02 20:43:38','2024-08-02 20:43:38'),(284,1,'6a71b7fc-f4d4-4c17-8895-d8f23d91dfa2','l','2024-08-02 20:43:54','2024-08-02 20:43:54'),(285,1,'6a71b7fc-f4d4-4c17-8895-d8f23d91dfa2','l','2024-08-02 20:43:54','2024-08-02 20:43:54'),(286,1,'6a71b7fc-f4d4-4c17-8895-d8f23d91dfa2','l','2024-08-02 20:43:55','2024-08-02 20:43:55'),(287,1,'6a71b7fc-f4d4-4c17-8895-d8f23d91dfa2','l','2024-08-02 20:43:55','2024-08-02 20:43:55'),(288,1,'72946874-8957-40c3-a00c-0f4c0af4b366','h','2024-08-02 20:48:28','2024-08-02 20:48:28'),(289,8,'6a71b7fc-f4d4-4c17-8895-d8f23d91dfa2','l','2024-08-02 20:48:36','2024-08-02 20:48:36'),(290,1,'72946874-8957-40c3-a00c-0f4c0af4b366','jjj','2024-08-02 20:48:40','2024-08-02 20:48:40'),(291,1,'72946874-8957-40c3-a00c-0f4c0af4b366','g','2024-08-03 04:14:45','2024-08-03 04:14:45'),(292,1,'72946874-8957-40c3-a00c-0f4c0af4b366','k','2024-08-03 04:14:53','2024-08-03 04:14:53'),(293,1,'72946874-8957-40c3-a00c-0f4c0af4b366','l','2024-08-03 04:15:10','2024-08-03 04:15:10'),(294,1,'72946874-8957-40c3-a00c-0f4c0af4b366','m','2024-08-03 04:15:16','2024-08-03 04:15:16'),(295,8,'6a71b7fc-f4d4-4c17-8895-d8f23d91dfa2','k','2024-08-03 04:15:28','2024-08-03 04:15:28'),(296,1,'72946874-8957-40c3-a00c-0f4c0af4b366','l','2024-08-03 04:15:34','2024-08-03 04:15:34'),(297,1,'72946874-8957-40c3-a00c-0f4c0af4b366','oppooppooppooppoo[[','2024-08-03 04:15:49','2024-08-03 04:15:49'),(298,1,'6a71b7fc-f4d4-4c17-8895-d8f23d91dfa2','sxedfu23 hfio 2l;','2024-08-03 12:40:40','2024-08-03 12:40:40'),(299,1,'6a71b7fc-f4d4-4c17-8895-d8f23d91dfa2','jtyj','2024-08-03 12:40:45','2024-08-03 12:40:45'),(300,1,'72946874-8957-40c3-a00c-0f4c0af4b366','hr','2024-08-03 12:41:27','2024-08-03 12:41:27'),(301,1,'6a71b7fc-f4d4-4c17-8895-d8f23d91dfa2','ok','2024-08-03 12:41:34','2024-08-03 12:41:34'),(302,1,'6a71b7fc-f4d4-4c17-8895-d8f23d91dfa2','man','2024-08-03 12:41:38','2024-08-03 12:41:38'),(303,1,'6a71b7fc-f4d4-4c17-8895-d8f23d91dfa2','do it right','2024-08-03 12:41:42','2024-08-03 12:41:42'),(304,8,'6a71b7fc-f4d4-4c17-8895-d8f23d91dfa2','ghf','2024-08-03 12:43:58','2024-08-03 12:43:58'),(305,1,'6a71b7fc-f4d4-4c17-8895-d8f23d91dfa2','k','2024-08-03 13:17:03','2024-08-03 13:17:03'),(306,5,'72946874-8957-40c3-a00c-0f4c0af4b366','k','2024-08-03 13:19:53','2024-08-03 13:19:53'),(307,5,'72946874-8957-40c3-a00c-0f4c0af4b366','l','2024-08-03 13:19:55','2024-08-03 13:19:55'),(308,1,'6a71b7fc-f4d4-4c17-8895-d8f23d91dfa2','okk','2024-08-03 13:49:22','2024-08-03 13:49:22'),(309,1,'6a71b7fc-f4d4-4c17-8895-d8f23d91dfa2','k','2024-08-03 14:35:22','2024-08-03 14:35:22'),(310,1,'72946874-8957-40c3-a00c-0f4c0af4b366','l','2024-08-03 14:35:34','2024-08-03 14:35:34'),(311,8,'6a71b7fc-f4d4-4c17-8895-d8f23d91dfa2','l','2024-08-03 14:56:40','2024-08-03 14:56:40'),(312,1,'72946874-8957-40c3-a00c-0f4c0af4b366','zihahah','2024-08-03 14:57:00','2024-08-03 14:57:00'),(313,1,'72946874-8957-40c3-a00c-0f4c0af4b366','1941(7)\n\n','2024-08-03 15:07:51','2024-08-03 15:07:51'),(314,1,'72946874-8957-40c3-a00c-0f4c0af4b366','ll','2024-08-03 15:08:07','2024-08-03 15:08:07'),(315,1,'72946874-8957-40c3-a00c-0f4c0af4b366','===','2024-08-03 15:08:15','2024-08-03 15:08:15'),(316,1,'72946874-8957-40c3-a00c-0f4c0af4b366','===','2024-08-03 15:10:09','2024-08-03 15:10:09'),(317,5,'72946874-8957-40c3-a00c-0f4c0af4b366','kjl','2024-08-03 15:12:14','2024-08-03 15:12:14'),(318,1,'6a71b7fc-f4d4-4c17-8895-d8f23d91dfa2','ddhdhdhdhdhdhdhdhhdhdhdhdhdjdjdjdjdjjdjdjdjdjdjdjjdjdidhdjdjdjdjdjjdjdjdjdjdjdjjdjdidDh','2024-08-03 15:12:28','2024-08-03 15:12:28'),(319,5,'72946874-8957-40c3-a00c-0f4c0af4b366','k','2024-08-03 15:12:43','2024-08-03 15:12:43'),(320,5,'72946874-8957-40c3-a00c-0f4c0af4b366','kl','2024-08-03 15:12:54','2024-08-03 15:12:54'),(321,1,'72946874-8957-40c3-a00c-0f4c0af4b366','ddhdhdhdhdhdhdhdhhdhdhdhdhdjdjdjdjdjjdjdjdjdjdjdjjdjdidhdjdjdjdjdjjdjdjdjdjdjdjjdjdidDhddhdhdhdhdhdhdhdhhdhdhdhdhdjdjdjdjdjjdjdjdjdjdjdjjdjdidhdjdjdjdjdjjdjdjdjdjdjdjjdjdidDh','2024-08-03 15:13:07','2024-08-03 15:13:07'),(322,5,'72946874-8957-40c3-a00c-0f4c0af4b366','a','2024-08-03 15:13:16','2024-08-03 15:13:16'),(323,8,'6a71b7fc-f4d4-4c17-8895-d8f23d91dfa2','il','2024-08-03 15:13:19','2024-08-03 15:13:19'),(324,1,'6a71b7fc-f4d4-4c17-8895-d8f23d91dfa2','gg mans','2024-08-03 15:13:40','2024-08-03 15:13:40'),(325,1,'6a71b7fc-f4d4-4c17-8895-d8f23d91dfa2','ok','2024-08-03 15:13:53','2024-08-03 15:13:53'),(326,1,'6a71b7fc-f4d4-4c17-8895-d8f23d91dfa2','ok','2024-08-03 15:13:59','2024-08-03 15:13:59'),(327,1,'72946874-8957-40c3-a00c-0f4c0af4b366','ll','2024-08-03 15:14:04','2024-08-03 15:14:04'),(328,1,'6a71b7fc-f4d4-4c17-8895-d8f23d91dfa2','aa','2024-08-03 15:14:09','2024-08-03 15:14:09'),(329,1,'72946874-8957-40c3-a00c-0f4c0af4b366','aaaaa','2024-08-03 15:14:11','2024-08-03 15:14:12'),(330,1,'72946874-8957-40c3-a00c-0f4c0af4b366','aaa','2024-08-03 15:14:31','2024-08-03 15:14:31'),(331,1,'72946874-8957-40c3-a00c-0f4c0af4b366','hh','2024-08-04 07:19:04','2024-08-04 07:19:04'),(332,1,'72946874-8957-40c3-a00c-0f4c0af4b366','let','2024-08-04 08:49:28','2024-08-04 08:49:28'),(333,1,'6a71b7fc-f4d4-4c17-8895-d8f23d91dfa2','get back to you','2024-08-04 08:49:34','2024-08-04 08:49:34'),(334,1,'72946874-8957-40c3-a00c-0f4c0af4b366','me','2024-08-04 08:49:37','2024-08-04 08:49:37'),(335,8,'6a71b7fc-f4d4-4c17-8895-d8f23d91dfa2','lkl','2024-08-04 08:51:04','2024-08-04 08:51:04'),(336,1,'72946874-8957-40c3-a00c-0f4c0af4b366','okkk','2024-08-04 08:51:17','2024-08-04 08:51:17'),(337,1,'72946874-8957-40c3-a00c-0f4c0af4b366','ok','2024-08-06 12:44:04','2024-08-06 12:44:04'),(338,1,'6a71b7fc-f4d4-4c17-8895-d8f23d91dfa2','k','2024-08-06 12:45:50','2024-08-06 12:45:50'),(339,1,'72946874-8957-40c3-a00c-0f4c0af4b366','ok','2024-08-06 12:45:54','2024-08-06 12:45:54'),(340,1,'6a71b7fc-f4d4-4c17-8895-d8f23d91dfa2','ll','2024-08-06 18:34:31','2024-08-06 18:34:31'),(341,1,'6a71b7fc-f4d4-4c17-8895-d8f23d91dfa2','k','2024-08-06 18:34:36','2024-08-06 18:34:36'),(342,1,'72946874-8957-40c3-a00c-0f4c0af4b366','@@@@@@@@@@@2','2024-08-06 18:35:18','2024-08-06 18:35:18'),(343,1,'6a71b7fc-f4d4-4c17-8895-d8f23d91dfa2','l','2024-08-06 18:42:07','2024-08-06 18:42:07'),(344,1,'72946874-8957-40c3-a00c-0f4c0af4b366','jj','2024-08-06 18:42:22','2024-08-06 18:42:22'),(345,1,'6a71b7fc-f4d4-4c17-8895-d8f23d91dfa2','!!!!!!!!!','2024-08-06 18:54:05','2024-08-06 19:09:35'),(346,1,'6a71b7fc-f4d4-4c17-8895-d8f23d91dfa2','j','2024-08-06 19:09:42','2024-08-06 19:09:42'),(347,1,'72946874-8957-40c3-a00c-0f4c0af4b366','f','2024-08-06 19:10:21','2024-08-06 19:10:21'),(348,1,'6a71b7fc-f4d4-4c17-8895-d8f23d91dfa2','k','2024-08-06 19:10:37','2024-08-06 19:10:37'),(349,1,'6a71b7fc-f4d4-4c17-8895-d8f23d91dfa2','l','2024-08-06 19:11:13','2024-08-06 19:11:13'),(350,1,'6a71b7fc-f4d4-4c17-8895-d8f23d91dfa2','))))))))))((((','2024-08-06 19:15:29','2024-08-06 19:15:29'),(351,1,'6a71b7fc-f4d4-4c17-8895-d8f23d91dfa2','lll','2024-08-06 19:22:15','2024-08-06 19:22:15'),(352,1,'72946874-8957-40c3-a00c-0f4c0af4b366','g','2024-08-06 19:22:24','2024-08-06 19:22:24'),(353,1,'6a71b7fc-f4d4-4c17-8895-d8f23d91dfa2','kkk','2024-08-06 19:29:32','2024-08-06 19:29:32'),(354,1,'6a71b7fc-f4d4-4c17-8895-d8f23d91dfa2','o','2024-08-06 19:30:04','2024-08-06 19:30:04'),(355,1,'6a71b7fc-f4d4-4c17-8895-d8f23d91dfa2','k','2024-08-06 19:34:02','2024-08-06 19:34:02'),(356,1,'72946874-8957-40c3-a00c-0f4c0af4b366','l','2024-08-06 19:34:21','2024-08-06 19:34:22'),(357,1,'72946874-8957-40c3-a00c-0f4c0af4b366','ll','2024-08-06 19:34:26','2024-08-06 19:34:26'),(358,5,'72946874-8957-40c3-a00c-0f4c0af4b366','k','2024-08-06 19:35:18','2024-08-06 19:35:18'),(359,1,'72946874-8957-40c3-a00c-0f4c0af4b366','k','2024-08-06 19:35:26','2024-08-06 19:35:26'),(360,1,'72946874-8957-40c3-a00c-0f4c0af4b366','l','2024-08-06 19:35:46','2024-08-06 19:35:46'),(361,8,'6a71b7fc-f4d4-4c17-8895-d8f23d91dfa2','a','2024-08-06 19:36:14','2024-08-06 19:36:14'),(362,1,'72946874-8957-40c3-a00c-0f4c0af4b366','ooooo','2024-08-06 19:36:21','2024-08-06 19:36:21'),(363,8,'6a71b7fc-f4d4-4c17-8895-d8f23d91dfa2','ss','2024-08-06 19:36:38','2024-08-06 19:36:38'),(364,1,'72946874-8957-40c3-a00c-0f4c0af4b366','l','2024-08-06 19:36:43','2024-08-06 19:36:43'),(365,1,'72946874-8957-40c3-a00c-0f4c0af4b366','o','2024-08-06 19:36:50','2024-08-06 19:36:50'),(366,1,'72946874-8957-40c3-a00c-0f4c0af4b366','o','2024-08-06 19:36:50','2024-08-06 19:36:50'),(367,1,'72946874-8957-40c3-a00c-0f4c0af4b366','l','2024-08-06 19:39:55','2024-08-06 19:39:55'),(368,5,'72946874-8957-40c3-a00c-0f4c0af4b366','dd','2024-08-06 19:40:01','2024-08-06 19:40:01'),(369,8,'6a71b7fc-f4d4-4c17-8895-d8f23d91dfa2','s','2024-08-06 19:43:50','2024-08-06 19:43:50'),(370,1,'72946874-8957-40c3-a00c-0f4c0af4b366','d','2024-08-06 19:43:55','2024-08-06 19:43:55'),(371,8,'6a71b7fc-f4d4-4c17-8895-d8f23d91dfa2','okkk','2024-08-06 19:44:07','2024-08-06 19:44:07'),(372,5,'72946874-8957-40c3-a00c-0f4c0af4b366','s','2024-08-06 19:44:17','2024-08-06 19:44:17'),(373,5,'72946874-8957-40c3-a00c-0f4c0af4b366','s','2024-08-06 19:44:20','2024-08-06 19:44:20'),(374,5,'72946874-8957-40c3-a00c-0f4c0af4b366','o','2024-08-06 19:44:36','2024-08-06 19:44:36'),(375,8,'6a71b7fc-f4d4-4c17-8895-d8f23d91dfa2','k','2024-08-06 19:44:43','2024-08-06 19:44:43'),(376,1,'6a71b7fc-f4d4-4c17-8895-d8f23d91dfa2','l','2024-08-06 19:46:29','2024-08-06 19:46:29'),(377,1,'6a71b7fc-f4d4-4c17-8895-d8f23d91dfa2','ok','2024-08-06 19:46:39','2024-08-06 19:46:39'),(378,1,'6a71b7fc-f4d4-4c17-8895-d8f23d91dfa2','lol','2024-08-06 19:46:42','2024-08-06 19:46:42'),(379,1,'6a71b7fc-f4d4-4c17-8895-d8f23d91dfa2','oo','2024-08-06 19:46:55','2024-08-06 19:46:55'),(380,1,'6a71b7fc-f4d4-4c17-8895-d8f23d91dfa2',';','2024-08-06 19:49:31','2024-08-06 19:49:31'),(381,1,'6a71b7fc-f4d4-4c17-8895-d8f23d91dfa2',',','2024-08-06 19:49:36','2024-08-06 19:49:36'),(382,1,'6a71b7fc-f4d4-4c17-8895-d8f23d91dfa2','k','2024-08-06 19:49:45','2024-08-06 19:49:45'),(383,1,'6a71b7fc-f4d4-4c17-8895-d8f23d91dfa2','k','2024-08-06 19:49:46','2024-08-06 19:49:46'),(384,1,'6a71b7fc-f4d4-4c17-8895-d8f23d91dfa2','k','2024-08-06 19:49:47','2024-08-06 19:49:47'),(385,1,'6a71b7fc-f4d4-4c17-8895-d8f23d91dfa2','k','2024-08-06 19:49:47','2024-08-06 19:49:47'),(386,1,'6a71b7fc-f4d4-4c17-8895-d8f23d91dfa2','k','2024-08-06 19:49:47','2024-08-06 19:49:47'),(387,1,'6a71b7fc-f4d4-4c17-8895-d8f23d91dfa2','k','2024-08-06 19:49:48','2024-08-06 19:49:48'),(388,1,'6a71b7fc-f4d4-4c17-8895-d8f23d91dfa2','k','2024-08-06 19:49:48','2024-08-06 19:49:48'),(389,1,'6a71b7fc-f4d4-4c17-8895-d8f23d91dfa2','k','2024-08-06 19:49:48','2024-08-06 19:49:48'),(390,1,'6a71b7fc-f4d4-4c17-8895-d8f23d91dfa2','j','2024-08-06 19:50:03','2024-08-06 19:50:03'),(391,1,'6a71b7fc-f4d4-4c17-8895-d8f23d91dfa2','k','2024-08-06 19:50:10','2024-08-06 19:50:10'),(392,1,'72946874-8957-40c3-a00c-0f4c0af4b366','jj','2024-08-06 19:53:59','2024-08-06 19:53:59'),(393,1,'6a71b7fc-f4d4-4c17-8895-d8f23d91dfa2','lin\\','2024-08-06 19:54:05','2024-08-06 19:54:05'),(394,5,'72946874-8957-40c3-a00c-0f4c0af4b366','f','2024-08-06 19:54:55','2024-08-06 19:54:55'),(395,1,'6a71b7fc-f4d4-4c17-8895-d8f23d91dfa2','l','2024-08-06 19:55:07','2024-08-06 19:55:07'),(396,1,'72946874-8957-40c3-a00c-0f4c0af4b366','vggg','2024-08-06 19:55:28','2024-08-06 19:55:28'),(397,1,'6a71b7fc-f4d4-4c17-8895-d8f23d91dfa2','hh','2024-08-06 19:55:42','2024-08-06 19:55:42'),(398,1,'72946874-8957-40c3-a00c-0f4c0af4b366','g','2024-08-06 19:55:56','2024-08-06 19:55:56'),(399,1,'6a71b7fc-f4d4-4c17-8895-d8f23d91dfa2','g','2024-08-06 19:55:59','2024-08-06 19:55:59'),(400,1,'6a71b7fc-f4d4-4c17-8895-d8f23d91dfa2','g','2024-08-06 19:56:01','2024-08-06 19:56:01'),(401,1,'6a71b7fc-f4d4-4c17-8895-d8f23d91dfa2','k','2024-08-06 19:57:30','2024-08-06 19:57:30'),(402,1,'6a71b7fc-f4d4-4c17-8895-d8f23d91dfa2','j','2024-08-06 19:57:38','2024-08-06 19:57:38'),(403,1,'6a71b7fc-f4d4-4c17-8895-d8f23d91dfa2','h','2024-08-06 19:57:39','2024-08-06 19:57:39'),(404,1,'6a71b7fc-f4d4-4c17-8895-d8f23d91dfa2','h','2024-08-06 19:57:39','2024-08-06 19:57:39'),(405,1,'72946874-8957-40c3-a00c-0f4c0af4b366','j','2024-08-06 19:57:51','2024-08-06 19:57:51'),(406,1,'72946874-8957-40c3-a00c-0f4c0af4b366','o','2024-08-06 19:57:58','2024-08-06 19:57:58'),(407,1,'72946874-8957-40c3-a00c-0f4c0af4b366','k','2024-08-06 19:58:00','2024-08-06 19:58:00'),(408,1,'6a71b7fc-f4d4-4c17-8895-d8f23d91dfa2','j','2024-08-06 19:58:03','2024-08-06 19:58:03'),(409,1,'6a71b7fc-f4d4-4c17-8895-d8f23d91dfa2','j','2024-08-06 19:58:03','2024-08-06 19:58:03'),(410,1,'72946874-8957-40c3-a00c-0f4c0af4b366','l','2024-08-06 19:58:06','2024-08-06 19:58:06'),(411,1,'72946874-8957-40c3-a00c-0f4c0af4b366','l','2024-08-06 19:58:07','2024-08-06 19:58:07'),(412,1,'72946874-8957-40c3-a00c-0f4c0af4b366','l','2024-08-06 19:58:07','2024-08-06 19:58:07'),(413,1,'72946874-8957-40c3-a00c-0f4c0af4b366','l','2024-08-06 19:58:08','2024-08-06 19:58:08'),(414,1,'72946874-8957-40c3-a00c-0f4c0af4b366','l','2024-08-06 19:58:09','2024-08-06 19:58:09'),(415,5,'72946874-8957-40c3-a00c-0f4c0af4b366','k','2024-08-06 19:58:17','2024-08-06 19:58:17'),(416,5,'72946874-8957-40c3-a00c-0f4c0af4b366','k','2024-08-06 19:58:19','2024-08-06 19:58:19'),(417,1,'6a71b7fc-f4d4-4c17-8895-d8f23d91dfa2','j','2024-08-06 19:58:28','2024-08-06 19:58:28'),(418,1,'72946874-8957-40c3-a00c-0f4c0af4b366','j','2024-08-06 19:58:37','2024-08-06 19:58:37'),(419,1,'6a71b7fc-f4d4-4c17-8895-d8f23d91dfa2','h','2024-08-06 19:58:40','2024-08-06 19:58:40'),(420,1,'72946874-8957-40c3-a00c-0f4c0af4b366','j','2024-08-06 19:58:44','2024-08-06 19:58:44'),(421,1,'72946874-8957-40c3-a00c-0f4c0af4b366','j','2024-08-06 19:58:53','2024-08-06 19:58:53'),(422,1,'72946874-8957-40c3-a00c-0f4c0af4b366','j','2024-08-06 19:58:55','2024-08-06 19:58:55'),(423,8,'6a71b7fc-f4d4-4c17-8895-d8f23d91dfa2','j','2024-08-06 19:59:01','2024-08-06 19:59:01'),(424,5,'72946874-8957-40c3-a00c-0f4c0af4b366','uu','2024-08-06 20:10:15','2024-08-06 20:10:15'),(425,1,'6a71b7fc-f4d4-4c17-8895-d8f23d91dfa2','ok','2024-08-06 20:10:32','2024-08-06 20:10:32'),(426,1,'6a71b7fc-f4d4-4c17-8895-d8f23d91dfa2','ok','2024-08-06 20:10:36','2024-08-06 20:10:36'),(427,1,'72946874-8957-40c3-a00c-0f4c0af4b366','ok','2024-08-06 20:10:40','2024-08-06 20:10:40'),(428,1,'6a71b7fc-f4d4-4c17-8895-d8f23d91dfa2','k','2024-08-06 20:11:31','2024-08-06 20:11:31'),(429,1,'6a71b7fc-f4d4-4c17-8895-d8f23d91dfa2','k','2024-08-06 20:11:33','2024-08-06 20:11:33'),(430,1,'72946874-8957-40c3-a00c-0f4c0af4b366','o','2024-08-06 20:11:37','2024-08-06 20:11:37'),(431,1,'72946874-8957-40c3-a00c-0f4c0af4b366','o','2024-08-06 20:11:38','2024-08-06 20:11:38'),(432,1,'72946874-8957-40c3-a00c-0f4c0af4b366','o','2024-08-06 20:11:39','2024-08-06 20:11:39'),(433,1,'72946874-8957-40c3-a00c-0f4c0af4b366','o','2024-08-06 20:11:40','2024-08-06 20:11:40'),(434,1,'72946874-8957-40c3-a00c-0f4c0af4b366','o','2024-08-06 20:11:40','2024-08-06 20:11:40'),(435,1,'72946874-8957-40c3-a00c-0f4c0af4b366','o','2024-08-06 20:11:40','2024-08-06 20:11:40'),(436,1,'72946874-8957-40c3-a00c-0f4c0af4b366','o','2024-08-06 20:11:41','2024-08-06 20:11:41'),(437,1,'72946874-8957-40c3-a00c-0f4c0af4b366','o','2024-08-06 20:11:41','2024-08-06 20:11:41'),(438,1,'72946874-8957-40c3-a00c-0f4c0af4b366','o','2024-08-06 20:11:41','2024-08-06 20:11:41'),(439,1,'72946874-8957-40c3-a00c-0f4c0af4b366','o','2024-08-06 20:11:41','2024-08-06 20:11:41'),(440,1,'72946874-8957-40c3-a00c-0f4c0af4b366','o','2024-08-06 20:11:42','2024-08-06 20:11:42'),(441,1,'72946874-8957-40c3-a00c-0f4c0af4b366','o','2024-08-06 20:11:42','2024-08-06 20:11:42'),(442,1,'72946874-8957-40c3-a00c-0f4c0af4b366','o','2024-08-06 20:11:42','2024-08-06 20:11:42'),(443,1,'72946874-8957-40c3-a00c-0f4c0af4b366','o','2024-08-06 20:11:42','2024-08-06 20:11:42'),(444,1,'72946874-8957-40c3-a00c-0f4c0af4b366','o','2024-08-06 20:11:42','2024-08-06 20:11:42'),(445,1,'72946874-8957-40c3-a00c-0f4c0af4b366','o','2024-08-06 20:11:43','2024-08-06 20:11:43'),(446,1,'72946874-8957-40c3-a00c-0f4c0af4b366','o','2024-08-06 20:11:43','2024-08-06 20:11:43'),(447,1,'72946874-8957-40c3-a00c-0f4c0af4b366','o','2024-08-06 20:11:43','2024-08-06 20:11:43'),(448,1,'72946874-8957-40c3-a00c-0f4c0af4b366','oo','2024-08-06 20:11:43','2024-08-06 20:11:43'),(449,1,'72946874-8957-40c3-a00c-0f4c0af4b366','k','2024-08-06 20:11:47','2024-08-06 20:11:47'),(450,1,'6a71b7fc-f4d4-4c17-8895-d8f23d91dfa2','y','2024-08-06 20:11:49','2024-08-06 20:11:49'),(451,1,'6a71b7fc-f4d4-4c17-8895-d8f23d91dfa2','yy','2024-08-06 20:11:54','2024-08-06 20:11:54'),(452,1,'6a71b7fc-f4d4-4c17-8895-d8f23d91dfa2','a','2024-08-06 20:12:14','2024-08-06 20:12:14'),(453,1,'6a71b7fc-f4d4-4c17-8895-d8f23d91dfa2','a','2024-08-06 20:12:15','2024-08-06 20:12:15'),(454,1,'6a71b7fc-f4d4-4c17-8895-d8f23d91dfa2','a','2024-08-06 20:12:15','2024-08-06 20:12:15'),(455,1,'6a71b7fc-f4d4-4c17-8895-d8f23d91dfa2','a','2024-08-06 20:12:15','2024-08-06 20:12:15'),(456,1,'6a71b7fc-f4d4-4c17-8895-d8f23d91dfa2','a','2024-08-06 20:12:15','2024-08-06 20:12:15'),(457,5,'72946874-8957-40c3-a00c-0f4c0af4b366','l','2024-08-06 20:12:21','2024-08-06 20:12:21'),(458,5,'72946874-8957-40c3-a00c-0f4c0af4b366','l','2024-08-06 20:12:22','2024-08-06 20:12:22'),(459,1,'6a71b7fc-f4d4-4c17-8895-d8f23d91dfa2','j','2024-08-06 20:12:24','2024-08-06 20:12:24'),(460,1,'6a71b7fc-f4d4-4c17-8895-d8f23d91dfa2','j','2024-08-06 20:12:25','2024-08-06 20:12:25'),(461,1,'6a71b7fc-f4d4-4c17-8895-d8f23d91dfa2','j','2024-08-06 20:12:29','2024-08-06 20:12:29'),(462,1,'6a71b7fc-f4d4-4c17-8895-d8f23d91dfa2','j','2024-08-06 20:12:29','2024-08-06 20:12:29'),(463,1,'72946874-8957-40c3-a00c-0f4c0af4b366','o','2024-08-06 20:12:32','2024-08-06 20:12:32'),(464,1,'6a71b7fc-f4d4-4c17-8895-d8f23d91dfa2','j','2024-08-06 20:12:34','2024-08-06 20:12:34'),(465,5,'72946874-8957-40c3-a00c-0f4c0af4b366','ok','2024-08-07 07:09:02','2024-08-07 07:09:02'),(466,1,'72946874-8957-40c3-a00c-0f4c0af4b366','kkk','2024-08-07 07:09:20','2024-08-07 07:09:20'),(467,1,'72946874-8957-40c3-a00c-0f4c0af4b366','k','2024-08-07 12:06:10','2024-08-07 12:06:10'),(468,1,'6a71b7fc-f4d4-4c17-8895-d8f23d91dfa2','ok','2024-08-07 12:06:15','2024-08-07 12:06:15'),(469,1,'72946874-8957-40c3-a00c-0f4c0af4b366','l','2024-08-07 12:08:24','2024-08-07 12:08:24'),(470,1,'72946874-8957-40c3-a00c-0f4c0af4b366','s','2024-08-07 12:08:30','2024-08-07 12:08:30'),(471,1,'72946874-8957-40c3-a00c-0f4c0af4b366','s','2024-08-07 12:09:37','2024-08-07 12:09:37'),(472,1,'72946874-8957-40c3-a00c-0f4c0af4b366','q','2024-08-07 12:13:31','2024-08-07 12:13:31'),(473,1,'72946874-8957-40c3-a00c-0f4c0af4b366','q','2024-08-07 12:13:32','2024-08-07 12:13:32'),(474,1,'72946874-8957-40c3-a00c-0f4c0af4b366','q','2024-08-07 12:13:36','2024-08-07 12:13:36'),(475,1,'72946874-8957-40c3-a00c-0f4c0af4b366','q','2024-08-07 12:13:37','2024-08-07 12:13:37'),(476,1,'72946874-8957-40c3-a00c-0f4c0af4b366','!!!!!','2024-08-07 12:14:40','2024-08-07 12:14:40'),(477,1,'72946874-8957-40c3-a00c-0f4c0af4b366','a','2024-08-07 12:15:00','2024-08-07 12:15:00'),(478,1,'6a71b7fc-f4d4-4c17-8895-d8f23d91dfa2','l','2024-08-07 12:15:07','2024-08-07 12:15:07'),(479,1,'72946874-8957-40c3-a00c-0f4c0af4b366','a','2024-08-07 12:15:19','2024-08-07 12:15:19'),(480,1,'6a71b7fc-f4d4-4c17-8895-d8f23d91dfa2','l','2024-08-07 12:15:21','2024-08-07 12:15:21'),(481,1,'6a71b7fc-f4d4-4c17-8895-d8f23d91dfa2','k','2024-08-07 12:15:23','2024-08-07 12:15:23'),(482,1,'6a71b7fc-f4d4-4c17-8895-d8f23d91dfa2','k','2024-08-07 12:15:24','2024-08-07 12:15:24'),(483,1,'6a71b7fc-f4d4-4c17-8895-d8f23d91dfa2','k','2024-08-07 12:15:24','2024-08-07 12:15:24'),(484,1,'6a71b7fc-f4d4-4c17-8895-d8f23d91dfa2','k','2024-08-07 12:15:24','2024-08-07 12:15:24'),(485,1,'72946874-8957-40c3-a00c-0f4c0af4b366','a','2024-08-07 12:15:26','2024-08-07 12:15:26'),(486,1,'72946874-8957-40c3-a00c-0f4c0af4b366','aa','2024-08-07 12:15:26','2024-08-07 12:15:26'),(487,1,'72946874-8957-40c3-a00c-0f4c0af4b366','aa','2024-08-07 12:15:27','2024-08-07 12:15:27'),(488,1,'72946874-8957-40c3-a00c-0f4c0af4b366','p','2024-08-07 12:19:23','2024-08-07 12:19:23'),(489,1,'72946874-8957-40c3-a00c-0f4c0af4b366','o','2024-08-07 12:19:25','2024-08-07 12:19:25'),(490,5,'72946874-8957-40c3-a00c-0f4c0af4b366','l','2024-08-07 12:20:00','2024-08-07 12:20:00'),(491,5,'ae704cf4-4ec4-4e89-b011-a829b41e6443','oll','2024-08-07 12:20:19','2024-08-07 12:20:19'),(492,5,'ae704cf4-4ec4-4e89-b011-a829b41e6443','ll','2024-08-07 12:21:28','2024-08-07 12:21:28'),(493,1,'6a71b7fc-f4d4-4c17-8895-d8f23d91dfa2','g','2024-08-07 12:25:22','2024-08-07 12:25:22'),(494,1,'6a71b7fc-f4d4-4c17-8895-d8f23d91dfa2','m','2024-08-07 12:25:57','2024-08-07 12:25:57'),(495,1,'72946874-8957-40c3-a00c-0f4c0af4b366','l','2024-08-07 12:34:36','2024-08-07 12:34:36'),(496,1,'6a71b7fc-f4d4-4c17-8895-d8f23d91dfa2','l','2024-08-07 12:34:38','2024-08-07 12:34:38'),(497,1,'72946874-8957-40c3-a00c-0f4c0af4b366','l','2024-08-07 12:35:22','2024-08-07 12:35:22'),(498,1,'72946874-8957-40c3-a00c-0f4c0af4b366','a','2024-08-07 12:37:36','2024-08-07 12:37:36'),(499,1,'6a71b7fc-f4d4-4c17-8895-d8f23d91dfa2','b','2024-08-07 12:37:39','2024-08-07 12:37:39'),(500,1,'72946874-8957-40c3-a00c-0f4c0af4b366','s','2024-08-07 12:38:02','2024-08-07 12:38:02'),(501,1,'72946874-8957-40c3-a00c-0f4c0af4b366','d','2024-08-07 12:41:53','2024-08-07 12:41:53'),(502,1,'6a71b7fc-f4d4-4c17-8895-d8f23d91dfa2','k','2024-08-07 12:41:55','2024-08-07 12:41:55'),(503,1,'6a71b7fc-f4d4-4c17-8895-d8f23d91dfa2','k','2024-08-07 12:41:59','2024-08-07 12:41:59'),(504,1,'72946874-8957-40c3-a00c-0f4c0af4b366','[','2024-08-07 12:42:06','2024-08-07 12:42:06'),(505,1,'6a71b7fc-f4d4-4c17-8895-d8f23d91dfa2',']','2024-08-07 12:42:09','2024-08-07 12:42:09'),(506,1,'6a71b7fc-f4d4-4c17-8895-d8f23d91dfa2',']','2024-08-07 12:42:19','2024-08-07 12:42:19'),(507,1,'72946874-8957-40c3-a00c-0f4c0af4b366','p','2024-08-07 12:42:22','2024-08-07 12:42:22'),(508,1,'6a71b7fc-f4d4-4c17-8895-d8f23d91dfa2','-----','2024-08-07 12:42:25','2024-08-07 12:42:25'),(509,1,'72946874-8957-40c3-a00c-0f4c0af4b366','11','2024-08-07 12:42:28','2024-08-07 12:42:28'),(510,1,'6a71b7fc-f4d4-4c17-8895-d8f23d91dfa2','l','2024-08-07 12:43:37','2024-08-07 12:43:37'),(511,1,'72946874-8957-40c3-a00c-0f4c0af4b366','a','2024-08-07 12:43:39','2024-08-07 12:43:39'),(512,1,'72946874-8957-40c3-a00c-0f4c0af4b366','h','2024-08-07 12:44:54','2024-08-07 12:44:54'),(513,1,'6a71b7fc-f4d4-4c17-8895-d8f23d91dfa2','l','2024-08-07 12:44:56','2024-08-07 12:44:56'),(514,1,'6a71b7fc-f4d4-4c17-8895-d8f23d91dfa2','==','2024-08-07 12:49:49','2024-08-07 12:49:49'),(515,1,'72946874-8957-40c3-a00c-0f4c0af4b366','=','2024-08-07 12:49:51','2024-08-07 12:49:51'),(516,1,'6a71b7fc-f4d4-4c17-8895-d8f23d91dfa2','p','2024-08-07 12:49:56','2024-08-07 12:49:56'),(517,5,'72946874-8957-40c3-a00c-0f4c0af4b366','@','2024-08-07 12:50:24','2024-08-07 12:50:24'),(518,5,'ae704cf4-4ec4-4e89-b011-a829b41e6443',')))','2024-08-07 12:50:30','2024-08-07 12:50:30'),(519,5,'ae704cf4-4ec4-4e89-b011-a829b41e6443','////////////','2024-08-07 13:01:52','2024-08-07 13:01:52'),(520,5,'ae704cf4-4ec4-4e89-b011-a829b41e6443','f','2024-08-07 13:02:30','2024-08-07 13:02:30'),(521,8,'6a71b7fc-f4d4-4c17-8895-d8f23d91dfa2','gg','2024-08-07 13:02:50','2024-08-07 13:02:50'),(522,5,'72946874-8957-40c3-a00c-0f4c0af4b366','a','2024-08-07 13:02:59','2024-08-07 13:02:59'),(523,5,'72946874-8957-40c3-a00c-0f4c0af4b366','aa','2024-08-07 13:03:04','2024-08-07 13:03:04'),(524,1,'6a71b7fc-f4d4-4c17-8895-d8f23d91dfa2','l','2024-08-07 13:03:07','2024-08-07 13:03:07'),(525,1,'6a71b7fc-f4d4-4c17-8895-d8f23d91dfa2','k','2024-08-07 13:03:07','2024-08-07 13:03:07'),(526,1,'6a71b7fc-f4d4-4c17-8895-d8f23d91dfa2','k','2024-08-07 13:03:08','2024-08-07 13:03:08'),(527,1,'6a71b7fc-f4d4-4c17-8895-d8f23d91dfa2','k','2024-08-07 13:03:08','2024-08-07 13:03:08'),(528,1,'6a71b7fc-f4d4-4c17-8895-d8f23d91dfa2','k','2024-08-07 13:03:08','2024-08-07 13:03:08'),(529,1,'72946874-8957-40c3-a00c-0f4c0af4b366','p','2024-08-07 13:03:31','2024-08-07 13:03:31'),(530,1,'6a71b7fc-f4d4-4c17-8895-d8f23d91dfa2','l','2024-08-07 13:03:33','2024-08-07 13:03:33'),(531,1,'72946874-8957-40c3-a00c-0f4c0af4b366','p','2024-08-07 13:03:41','2024-08-07 13:03:41'),(532,1,'6a71b7fc-f4d4-4c17-8895-d8f23d91dfa2','o','2024-08-07 13:03:43','2024-08-07 13:03:43'),(533,5,'72946874-8957-40c3-a00c-0f4c0af4b366','1111111','2024-08-07 13:03:53','2024-08-07 13:03:53'),(534,9,'ae704cf4-4ec4-4e89-b011-a829b41e6443','0000000000','2024-08-07 13:03:59','2024-08-07 13:03:59'),(535,5,'ae704cf4-4ec4-4e89-b011-a829b41e6443','l','2024-08-07 13:04:40','2024-08-07 13:04:40'),(536,5,'72946874-8957-40c3-a00c-0f4c0af4b366','1','2024-08-07 13:04:43','2024-08-07 13:04:43'),(537,5,'72946874-8957-40c3-a00c-0f4c0af4b366','h','2024-08-07 13:05:23','2024-08-07 13:05:23'),(538,5,'72946874-8957-40c3-a00c-0f4c0af4b366','l','2024-08-07 13:18:46','2024-08-07 13:18:46'),(539,5,'72946874-8957-40c3-a00c-0f4c0af4b366','l','2024-08-07 13:19:00','2024-08-07 13:19:00'),(540,1,'72946874-8957-40c3-a00c-0f4c0af4b366','ok','2024-08-07 13:19:14','2024-08-07 13:19:14'),(541,1,'6a71b7fc-f4d4-4c17-8895-d8f23d91dfa2','h','2024-08-07 13:19:24','2024-08-07 13:19:24'),(542,1,'72946874-8957-40c3-a00c-0f4c0af4b366','a','2024-08-07 13:19:35','2024-08-07 13:19:35'),(543,1,'6a71b7fc-f4d4-4c17-8895-d8f23d91dfa2','l','2024-08-07 13:19:36','2024-08-07 13:19:36'),(544,1,'6a71b7fc-f4d4-4c17-8895-d8f23d91dfa2','x','2024-08-07 13:20:04','2024-08-07 13:20:04'),(545,1,'72946874-8957-40c3-a00c-0f4c0af4b366','a','2024-08-07 13:20:05','2024-08-07 13:20:05'),(546,1,'72946874-8957-40c3-a00c-0f4c0af4b366','a','2024-08-07 13:20:10','2024-08-07 13:20:10'),(547,1,'6a71b7fc-f4d4-4c17-8895-d8f23d91dfa2','z','2024-08-07 13:20:14','2024-08-07 13:20:14'),(548,1,'72946874-8957-40c3-a00c-0f4c0af4b366','a','2024-08-07 13:20:17','2024-08-07 13:20:17'),(549,1,'72946874-8957-40c3-a00c-0f4c0af4b366','a','2024-08-07 13:20:32','2024-08-07 13:20:32'),(550,1,'6a71b7fc-f4d4-4c17-8895-d8f23d91dfa2','l','2024-08-07 13:20:35','2024-08-07 13:20:35'),(551,1,'72946874-8957-40c3-a00c-0f4c0af4b366','o','2024-08-07 13:20:38','2024-08-07 13:20:38'),(552,1,'6a71b7fc-f4d4-4c17-8895-d8f23d91dfa2','l','2024-08-07 13:20:44','2024-08-07 13:20:44'),(553,1,'72946874-8957-40c3-a00c-0f4c0af4b366','a','2024-08-07 13:20:47','2024-08-07 13:20:47'),(554,1,'6a71b7fc-f4d4-4c17-8895-d8f23d91dfa2','j','2024-08-07 13:32:27','2024-08-07 13:32:27'),(555,1,'72946874-8957-40c3-a00c-0f4c0af4b366','l','2024-08-07 13:32:29','2024-08-07 13:32:29'),(556,5,'ae704cf4-4ec4-4e89-b011-a829b41e6443','l','2024-08-07 13:32:46','2024-08-07 13:32:46'),(557,5,'ae704cf4-4ec4-4e89-b011-a829b41e6443','o','2024-08-07 13:32:50','2024-08-07 13:32:50'),(558,5,'ae704cf4-4ec4-4e89-b011-a829b41e6443','k','2024-08-07 13:32:59','2024-08-07 13:32:59'),(559,5,'ae704cf4-4ec4-4e89-b011-a829b41e6443','p','2024-08-07 13:33:00','2024-08-07 13:33:00'),(560,1,'6a71b7fc-f4d4-4c17-8895-d8f23d91dfa2','.','2024-08-07 13:34:20','2024-08-07 13:34:20'),(561,1,'6a71b7fc-f4d4-4c17-8895-d8f23d91dfa2','>','2024-08-07 13:34:23','2024-08-07 13:34:23'),(562,1,'6a71b7fc-f4d4-4c17-8895-d8f23d91dfa2','>','2024-08-07 13:34:31','2024-08-07 13:34:31'),(563,1,'6a71b7fc-f4d4-4c17-8895-d8f23d91dfa2','p','2024-08-07 13:34:40','2024-08-07 13:34:40'),(564,5,'72946874-8957-40c3-a00c-0f4c0af4b366','l','2024-08-07 13:46:55','2024-08-07 13:46:55'),(565,1,'72946874-8957-40c3-a00c-0f4c0af4b366',';','2024-08-07 13:47:02','2024-08-07 13:47:02'),(566,1,'6a71b7fc-f4d4-4c17-8895-d8f23d91dfa2','\'','2024-08-07 13:47:05','2024-08-07 13:47:05'),(567,5,'72946874-8957-40c3-a00c-0f4c0af4b366','111','2024-08-07 13:47:25','2024-08-07 13:47:25'),(568,5,'72946874-8957-40c3-a00c-0f4c0af4b366','222','2024-08-07 13:47:33','2024-08-07 13:47:33'),(569,1,'72946874-8957-40c3-a00c-0f4c0af4b366','x','2024-08-07 13:47:54','2024-08-07 13:47:54'),(570,5,'ae704cf4-4ec4-4e89-b011-a829b41e6443',';;;;;;;;;','2024-08-07 13:48:24','2024-08-07 13:48:24'),(571,1,'72946874-8957-40c3-a00c-0f4c0af4b366','a','2024-08-07 13:51:27','2024-08-07 13:51:27'),(572,1,'6a71b7fc-f4d4-4c17-8895-d8f23d91dfa2',';','2024-08-07 13:51:30','2024-08-07 13:51:30'),(573,1,'6a71b7fc-f4d4-4c17-8895-d8f23d91dfa2','l','2024-08-07 13:51:36','2024-08-07 13:51:36'),(574,1,'72946874-8957-40c3-a00c-0f4c0af4b366','a','2024-08-07 13:51:40','2024-08-07 13:51:40'),(575,1,'72946874-8957-40c3-a00c-0f4c0af4b366','a','2024-08-07 13:51:41','2024-08-07 13:51:41'),(576,1,'72946874-8957-40c3-a00c-0f4c0af4b366','@','2024-08-07 13:51:44','2024-08-07 13:51:44'),(577,1,'72946874-8957-40c3-a00c-0f4c0af4b366','-','2024-08-07 13:51:48','2024-08-07 13:51:48'),(578,1,'72946874-8957-40c3-a00c-0f4c0af4b366','pp','2024-08-07 14:46:34','2024-08-07 14:46:34'),(579,1,'6a71b7fc-f4d4-4c17-8895-d8f23d91dfa2','p','2024-08-07 14:46:36','2024-08-07 14:46:36'),(580,1,'72946874-8957-40c3-a00c-0f4c0af4b366','w','2024-08-07 14:46:40','2024-08-07 14:46:40'),(581,1,'72946874-8957-40c3-a00c-0f4c0af4b366','!','2024-08-07 14:46:43','2024-08-07 14:46:43'),(582,1,'72946874-8957-40c3-a00c-0f4c0af4b366','a','2024-08-07 14:46:57','2024-08-07 14:46:57'),(583,1,'6a71b7fc-f4d4-4c17-8895-d8f23d91dfa2','l','2024-08-07 14:46:59','2024-08-07 14:46:59'),(584,1,'72946874-8957-40c3-a00c-0f4c0af4b366','a','2024-08-07 14:47:36','2024-08-07 14:47:36'),(585,1,'6a71b7fc-f4d4-4c17-8895-d8f23d91dfa2','l','2024-08-07 14:47:40','2024-08-07 14:47:40'),(586,1,'6a71b7fc-f4d4-4c17-8895-d8f23d91dfa2','l','2024-08-07 14:49:13','2024-08-07 14:49:13'),(587,1,'72946874-8957-40c3-a00c-0f4c0af4b366','q','2024-08-07 14:49:15','2024-08-07 14:49:15'),(588,1,'6a71b7fc-f4d4-4c17-8895-d8f23d91dfa2',']','2024-08-07 14:49:23','2024-08-07 14:49:23'),(589,5,'ae704cf4-4ec4-4e89-b011-a829b41e6443','@','2024-08-07 14:49:36','2024-08-07 14:49:36'),(590,5,'72946874-8957-40c3-a00c-0f4c0af4b366','opop','2024-08-07 14:49:45','2024-08-07 14:49:45'),(591,5,'ae704cf4-4ec4-4e89-b011-a829b41e6443','popopo','2024-08-07 14:49:52','2024-08-07 14:49:52'),(592,5,'72946874-8957-40c3-a00c-0f4c0af4b366','l','2024-08-07 14:50:01','2024-08-07 14:50:01'),(593,5,'ae704cf4-4ec4-4e89-b011-a829b41e6443','d','2024-08-07 14:50:05','2024-08-07 14:50:05'),(594,5,'72946874-8957-40c3-a00c-0f4c0af4b366','l','2024-08-07 14:58:15','2024-08-07 14:58:15'),(595,5,'ae704cf4-4ec4-4e89-b011-a829b41e6443','lk','2024-08-07 14:58:21','2024-08-07 14:58:21'),(596,1,'72946874-8957-40c3-a00c-0f4c0af4b366','ohh yee','2024-08-07 14:58:37','2024-08-07 14:58:37'),(597,1,'72946874-8957-40c3-a00c-0f4c0af4b366','aah ye','2024-08-07 14:58:41','2024-08-07 14:58:41'),(598,1,'6a71b7fc-f4d4-4c17-8895-d8f23d91dfa2','jee','2024-08-07 14:58:45','2024-08-07 14:58:45'),(599,1,'72946874-8957-40c3-a00c-0f4c0af4b366','l','2024-08-07 17:29:13','2024-08-07 17:29:13'),(600,1,'6a71b7fc-f4d4-4c17-8895-d8f23d91dfa2','g','2024-08-07 17:29:16','2024-08-07 17:29:16'),(601,1,'72946874-8957-40c3-a00c-0f4c0af4b366','d','2024-08-07 17:40:26','2024-08-07 17:40:26'),(602,1,'6a71b7fc-f4d4-4c17-8895-d8f23d91dfa2','k','2024-08-07 17:40:28','2024-08-07 17:40:28'),(603,1,'72946874-8957-40c3-a00c-0f4c0af4b366','ok','2024-08-07 17:40:31','2024-08-07 17:40:31'),(604,1,'72946874-8957-40c3-a00c-0f4c0af4b366','l','2024-08-07 17:40:39','2024-08-07 17:40:39'),(605,1,'6a71b7fc-f4d4-4c17-8895-d8f23d91dfa2','l','2024-08-07 17:41:19','2024-08-07 17:41:19'),(606,1,'6a71b7fc-f4d4-4c17-8895-d8f23d91dfa2','a','2024-08-07 17:45:51','2024-08-07 17:45:51'),(607,1,'6a71b7fc-f4d4-4c17-8895-d8f23d91dfa2','a','2024-08-07 17:46:03','2024-08-07 17:46:03'),(608,1,'72946874-8957-40c3-a00c-0f4c0af4b366','l','2024-08-07 17:46:05','2024-08-07 17:46:05'),(609,1,'6a71b7fc-f4d4-4c17-8895-d8f23d91dfa2','lll','2024-08-07 17:46:43','2024-08-07 17:46:43'),(610,1,'6a71b7fc-f4d4-4c17-8895-d8f23d91dfa2','l','2024-08-07 17:50:45','2024-08-07 17:50:45'),(611,1,'72946874-8957-40c3-a00c-0f4c0af4b366','l','2024-08-07 17:50:51','2024-08-07 17:50:51'),(612,1,'6a71b7fc-f4d4-4c17-8895-d8f23d91dfa2','r','2024-08-07 17:50:57','2024-08-07 17:50:57'),(613,5,'72946874-8957-40c3-a00c-0f4c0af4b366','k','2024-08-07 17:51:01','2024-08-07 17:51:01'),(614,8,'6a71b7fc-f4d4-4c17-8895-d8f23d91dfa2','q','2024-08-07 17:51:09','2024-08-07 17:51:09'),(615,5,'72946874-8957-40c3-a00c-0f4c0af4b366','p','2024-08-07 17:52:23','2024-08-07 17:52:23'),(616,5,'ae704cf4-4ec4-4e89-b011-a829b41e6443','ok','2024-08-07 17:52:30','2024-08-07 17:52:30'),(617,5,'72946874-8957-40c3-a00c-0f4c0af4b366','jk','2024-08-07 17:52:51','2024-08-07 17:52:51'),(618,9,'ae704cf4-4ec4-4e89-b011-a829b41e6443','oooo','2024-08-07 17:53:01','2024-08-07 17:53:01'),(619,1,'72946874-8957-40c3-a00c-0f4c0af4b366','[','2024-08-07 17:53:51','2024-08-07 17:53:51'),(620,1,'72946874-8957-40c3-a00c-0f4c0af4b366',']','2024-08-07 17:53:57','2024-08-07 17:53:57'),(621,5,'72946874-8957-40c3-a00c-0f4c0af4b366','@@@@@2','2024-08-07 17:54:09','2024-08-07 17:54:09'),(622,5,'72946874-8957-40c3-a00c-0f4c0af4b366','##','2024-08-07 17:54:22','2024-08-07 17:54:22'),(623,5,'ae704cf4-4ec4-4e89-b011-a829b41e6443','__________+++','2024-08-07 17:54:29','2024-08-07 17:54:29'),(624,5,'ae704cf4-4ec4-4e89-b011-a829b41e6443','iojhhh==2=2=','2024-08-07 17:54:36','2024-08-07 17:54:36'),(625,8,'6a71b7fc-f4d4-4c17-8895-d8f23d91dfa2','l','2024-08-07 18:10:11','2024-08-07 18:10:11'),(626,1,'6a71b7fc-f4d4-4c17-8895-d8f23d91dfa2','f','2024-08-07 18:10:18','2024-08-07 18:10:18'),(627,1,'72946874-8957-40c3-a00c-0f4c0af4b366','l','2024-08-07 18:10:26','2024-08-07 18:10:26'),(628,1,'72946874-8957-40c3-a00c-0f4c0af4b366','l','2024-08-07 18:10:27','2024-08-07 18:10:27'),(629,1,'72946874-8957-40c3-a00c-0f4c0af4b366','l','2024-08-07 18:10:27','2024-08-07 18:10:27'),(630,1,'72946874-8957-40c3-a00c-0f4c0af4b366','l','2024-08-07 18:10:27','2024-08-07 18:10:27'),(631,1,'72946874-8957-40c3-a00c-0f4c0af4b366','l','2024-08-07 18:10:28','2024-08-07 18:10:28'),(632,1,'72946874-8957-40c3-a00c-0f4c0af4b366','l','2024-08-07 18:10:28','2024-08-07 18:10:28'),(633,1,'72946874-8957-40c3-a00c-0f4c0af4b366','l','2024-08-07 18:10:28','2024-08-07 18:10:28'),(634,1,'72946874-8957-40c3-a00c-0f4c0af4b366','l','2024-08-07 18:10:28','2024-08-07 18:10:28'),(635,1,'72946874-8957-40c3-a00c-0f4c0af4b366','l','2024-08-07 18:10:28','2024-08-07 18:10:28'),(636,1,'72946874-8957-40c3-a00c-0f4c0af4b366','l','2024-08-07 18:10:29','2024-08-07 18:10:29'),(637,1,'72946874-8957-40c3-a00c-0f4c0af4b366','l','2024-08-07 18:10:29','2024-08-07 18:10:29'),(638,1,'72946874-8957-40c3-a00c-0f4c0af4b366','ll','2024-08-07 18:10:29','2024-08-07 18:10:29'),(639,1,'72946874-8957-40c3-a00c-0f4c0af4b366','l','2024-08-07 18:10:29','2024-08-07 18:10:29'),(640,1,'72946874-8957-40c3-a00c-0f4c0af4b366','l','2024-08-07 18:10:29','2024-08-07 18:10:29'),(641,1,'72946874-8957-40c3-a00c-0f4c0af4b366','lchatsState.selectedChat?.conversation_idchatsState.selectedChat?.conversation_idchatsState.selectedChat?.conversation_idchatsState.selectedChat?.conversation_id','2024-08-07 18:10:32','2024-08-07 18:10:32'),(642,1,'72946874-8957-40c3-a00c-0f4c0af4b366','chatsState.selectedChat?.conversation_idchatsState.selectedChat?.conversation_idchatsState.selectedChat?.conversation_idchatsState.selectedChat?.conversation_idchatsState.selectedChat?.conversation_idchatsState.selectedChat?.conversation_idchatsState.selectedChat?.conversation_idchatsState.selectedChat?.conversation_idchatsState.selectedChat?.conversation_idchatsState.selectedChat?.conversation_idchatsState.selectedChat?.conversation_idchatsState.selectedChat?.conversation_idchatsState.selectedChat?.conversation_idchatsState.selectedChat?.conversation_idchatsState.selectedChat?.conversation_idchatsState.selectedChat?.conversation_idchatsState.selectedChat?.conversation_idchatsState.selectedChat?.conversation_idchatsState.selectedChat?.conversation_idchatsState.selectedChat?.conversation_idchatsState.selectedChat?.conversation_idchatsState.selectedChat?.conversation_idchatsState.selectedChat?.conversation_idchatsState.selectedChat?.conversation_id','2024-08-07 18:10:34','2024-08-07 18:10:34'),(643,1,'6a71b7fc-f4d4-4c17-8895-d8f23d91dfa2','mjnjn j  nj','2024-08-07 18:34:50','2024-08-07 18:34:50'),(644,1,'6a71b7fc-f4d4-4c17-8895-d8f23d91dfa2','jkj nj j nj j n jn n\n\n\n\n\n\n\n\n\n\n\n\n\n\n\n\n]','2024-08-07 18:35:01','2024-08-07 18:35:01'),(645,1,'6a71b7fc-f4d4-4c17-8895-d8f23d91dfa2','k','2024-08-07 18:35:19','2024-08-07 18:35:19'),(646,1,'72946874-8957-40c3-a00c-0f4c0af4b366','l','2024-08-07 18:36:57','2024-08-07 18:36:57'),(647,5,'72946874-8957-40c3-a00c-0f4c0af4b366','a','2024-08-09 19:47:34','2024-08-09 19:47:34'),(648,1,'72946874-8957-40c3-a00c-0f4c0af4b366','v','2024-08-09 19:47:41','2024-08-09 19:47:41'),(649,1,'72946874-8957-40c3-a00c-0f4c0af4b366','k','2024-08-09 19:47:51','2024-08-09 19:47:51'),(650,1,'72946874-8957-40c3-a00c-0f4c0af4b366','a','2024-08-09 19:48:02','2024-08-09 19:48:02'),(651,1,'72946874-8957-40c3-a00c-0f4c0af4b366','v','2024-08-09 19:48:04','2024-08-09 19:48:04'),(652,1,'72946874-8957-40c3-a00c-0f4c0af4b366','@','2024-08-09 19:48:57','2024-08-09 19:48:57'),(653,1,'72946874-8957-40c3-a00c-0f4c0af4b366','$sign','2024-08-09 19:49:08','2024-08-09 19:49:08'),(654,1,'6a71b7fc-f4d4-4c17-8895-d8f23d91dfa2','Ty dolla $ign','2024-08-09 19:49:28','2024-08-09 19:49:28'),(655,1,'72946874-8957-40c3-a00c-0f4c0af4b366','l','2024-08-10 09:16:51','2024-08-10 09:16:51'),(656,1,'6a71b7fc-f4d4-4c17-8895-d8f23d91dfa2','okokak','2024-08-10 09:16:55','2024-08-10 09:16:55');
/*!40000 ALTER TABLE `message` ENABLE KEYS */;
UNLOCK TABLES;

--
-- Table structure for table `message_status`
--

DROP TABLE IF EXISTS `message_status`;
/*!40101 SET @saved_cs_client     = @@character_set_client */;
/*!50503 SET character_set_client = utf8mb4 */;
CREATE TABLE `message_status` (
  `message_id` int NOT NULL,
  `user_id` varchar(255) NOT NULL,
  `status` enum('read','unread') DEFAULT 'unread',
  `received_at` timestamp NULL DEFAULT NULL,
  PRIMARY KEY (`message_id`,`user_id`),
  KEY `user_id` (`user_id`),
  CONSTRAINT `message_status_ibfk_1` FOREIGN KEY (`message_id`) REFERENCES `message` (`message_id`) ON DELETE CASCADE,
  CONSTRAINT `message_status_ibfk_2` FOREIGN KEY (`user_id`) REFERENCES `user` (`user_id`) ON DELETE CASCADE
) ENGINE=InnoDB DEFAULT CHARSET=utf8mb4 COLLATE=utf8mb4_0900_ai_ci;
/*!40101 SET character_set_client = @saved_cs_client */;

--
-- Dumping data for table `message_status`
--

LOCK TABLES `message_status` WRITE;
/*!40000 ALTER TABLE `message_status` DISABLE KEYS */;
/*!40000 ALTER TABLE `message_status` ENABLE KEYS */;
UNLOCK TABLES;

--
-- Table structure for table `user`
--

DROP TABLE IF EXISTS `user`;
/*!40101 SET @saved_cs_client     = @@character_set_client */;
/*!50503 SET character_set_client = utf8mb4 */;
CREATE TABLE `user` (
  `user_id` varchar(255) NOT NULL,
  `username` varchar(50) NOT NULL,
  `email` varchar(100) NOT NULL,
  `password_hash` varchar(255) NOT NULL,
  `created_at` timestamp NULL DEFAULT CURRENT_TIMESTAMP,
  `updated_at` timestamp NULL DEFAULT CURRENT_TIMESTAMP ON UPDATE CURRENT_TIMESTAMP,
  `picture` text,
  PRIMARY KEY (`user_id`),
  UNIQUE KEY `username` (`username`),
  UNIQUE KEY `email` (`email`)
) ENGINE=InnoDB DEFAULT CHARSET=utf8mb4 COLLATE=utf8mb4_0900_ai_ci;
/*!40101 SET character_set_client = @saved_cs_client */;

--
-- Dumping data for table `user`
--

LOCK TABLES `user` WRITE;
/*!40000 ALTER TABLE `user` DISABLE KEYS */;
INSERT INTO `user` VALUES ('4f3990bf-8c64-4035-807c-01c7c9dfc70f','21R11A1225 KANNOORI ADITHI GAYATHRI','21r11a1225@gcet.edu.in','4f3990bf-8c64-4035-807c-01c7c9dfc70f','2024-07-31 18:48:14','2024-07-31 18:48:14','https://lh3.googleusercontent.com/a/ACg8ocKkRfV1905dec2Yd20oI2Amm5V42ovHmNYoeRxq7PyRb9bAtw=s96-c'),('6a71b7fc-f4d4-4c17-8895-d8f23d91dfa2','learning','learner1930@gmail.com','6a71b7fc-f4d4-4c17-8895-d8f23d91dfa2','2024-07-28 20:22:11','2024-07-28 20:22:11','https://lh3.googleusercontent.com/a/ACg8ocIwwN8tf4SpqKYfdl2Mc9Kioaxp3rvucA2jmvWuYLJKH_gOFg=s96-c'),('72946874-8957-40c3-a00c-0f4c0af4b366','Mohit Reddy Dadireddy','mohitreddydadireddy@gmail.com','72946874-8957-40c3-a00c-0f4c0af4b366','2024-07-28 19:02:53','2024-07-28 19:02:53','https://lh3.googleusercontent.com/a/ACg8ocJxlW-IOLqnjXYzzby3njYf-fsmIuXNMPxOgpaOOb1EWbkwTUgNfg=s96-c'),('ae704cf4-4ec4-4e89-b011-a829b41e6443','vinay s reddy','vinay.dadireddy@gmail.com','ae704cf4-4ec4-4e89-b011-a829b41e6443','2024-07-31 18:07:32','2024-07-31 18:07:32','https://lh3.googleusercontent.com/a/ACg8ocJ5hk8axkLaFsDfheNBlbmvXWSHQ0arE55Kuca7cNmNUmaflSUj=s96-c');
/*!40000 ALTER TABLE `user` ENABLE KEYS */;
UNLOCK TABLES;

--
-- Table structure for table `user_conversation`
--

DROP TABLE IF EXISTS `user_conversation`;
/*!40101 SET @saved_cs_client     = @@character_set_client */;
/*!50503 SET character_set_client = utf8mb4 */;
CREATE TABLE `user_conversation` (
  `user_id` varchar(255) NOT NULL,
  `conversation_id` int NOT NULL,
  `joined_at` timestamp NULL DEFAULT CURRENT_TIMESTAMP,
  PRIMARY KEY (`user_id`,`conversation_id`),
  KEY `conversation_id` (`conversation_id`),
  CONSTRAINT `user_conversation_ibfk_1` FOREIGN KEY (`user_id`) REFERENCES `user` (`user_id`) ON DELETE CASCADE,
  CONSTRAINT `user_conversation_ibfk_2` FOREIGN KEY (`conversation_id`) REFERENCES `conversations` (`conversation_id`) ON DELETE CASCADE
) ENGINE=InnoDB DEFAULT CHARSET=utf8mb4 COLLATE=utf8mb4_0900_ai_ci;
/*!40101 SET character_set_client = @saved_cs_client */;

--
-- Dumping data for table `user_conversation`
--

LOCK TABLES `user_conversation` WRITE;
/*!40000 ALTER TABLE `user_conversation` DISABLE KEYS */;
INSERT INTO `user_conversation` VALUES ('4f3990bf-8c64-4035-807c-01c7c9dfc70f',7,'2024-07-31 18:48:35'),('4f3990bf-8c64-4035-807c-01c7c9dfc70f',8,'2024-07-31 18:50:37'),('4f3990bf-8c64-4035-807c-01c7c9dfc70f',9,'2024-08-02 14:57:14'),('6a71b7fc-f4d4-4c17-8895-d8f23d91dfa2',1,'2024-07-29 08:30:25'),('6a71b7fc-f4d4-4c17-8895-d8f23d91dfa2',6,'2024-07-31 18:20:08'),('6a71b7fc-f4d4-4c17-8895-d8f23d91dfa2',8,'2024-07-31 18:50:37'),('72946874-8957-40c3-a00c-0f4c0af4b366',1,'2024-07-29 08:30:25'),('72946874-8957-40c3-a00c-0f4c0af4b366',5,'2024-07-31 18:09:36'),('72946874-8957-40c3-a00c-0f4c0af4b366',7,'2024-07-31 18:48:35'),('ae704cf4-4ec4-4e89-b011-a829b41e6443',5,'2024-07-31 18:09:36'),('ae704cf4-4ec4-4e89-b011-a829b41e6443',6,'2024-07-31 18:20:08'),('ae704cf4-4ec4-4e89-b011-a829b41e6443',9,'2024-08-02 14:57:14');
/*!40000 ALTER TABLE `user_conversation` ENABLE KEYS */;
UNLOCK TABLES;
/*!40103 SET TIME_ZONE=@OLD_TIME_ZONE */;

/*!40101 SET SQL_MODE=@OLD_SQL_MODE */;
/*!40014 SET FOREIGN_KEY_CHECKS=@OLD_FOREIGN_KEY_CHECKS */;
/*!40014 SET UNIQUE_CHECKS=@OLD_UNIQUE_CHECKS */;
/*!40101 SET CHARACTER_SET_CLIENT=@OLD_CHARACTER_SET_CLIENT */;
/*!40101 SET CHARACTER_SET_RESULTS=@OLD_CHARACTER_SET_RESULTS */;
/*!40101 SET COLLATION_CONNECTION=@OLD_COLLATION_CONNECTION */;
/*!40111 SET SQL_NOTES=@OLD_SQL_NOTES */;

-- Dump completed on 2024-08-10 15:21:41
